,created_by,name,description,directions,glass,image_url
0,,'57 Chevy with a White License Plate,'57 Chevy with a White License Plate,Combine ingredients,Highball Glass,http://www.thecocktaildb.com/images/media/drink/qyyvtu1468878544.jpg
1,,1-900-FUK-MEUP,1-900-FUK-MEUP,Combine ingredients,Old-fashioned Glass,http://www.thecocktaildb.com/images/media/drink/uxywyw1468877224.jpg
2,,110 in the shade,110 in the shade,Combine ingredients,Beer Glass,http://www.thecocktaildb.com/images/media/drink/xxyywq1454511117.jpg
3,,151 Florida Bushwacker,151 Florida Bushwacker,Combine ingredients,Beer Mug,http://www.thecocktaildb.com/images/media/drink/rvwrvv1468877323.jpg
4,,155 Belmont,155 Belmont,Combine ingredients,White Wine Glass,http://www.thecocktaildb.com/images/media/drink/yqvvqs1475667388.jpg
5,,24k nightmare,24k nightmare,Combine ingredients,Shot Glass,http://www.thecocktaildb.com/images/media/drink/yyrwty1468877498.jpg
6,,252,252,Combine ingredients,Shot Glass,http://www.thecocktaildb.com/images/media/drink/rtpxqw1468877562.jpg
7,,3 Wise Men,3 Wise Men,Combine ingredients,Collins Glass,http://www.thecocktaildb.com/images/media/drink/wxqpyw1468877677.jpg
8,,3-Mile Long Island Iced Tea,3-Mile Long Island Iced Tea,Combine ingredients,Collins Glass,http://www.thecocktaildb.com/images/media/drink/rrtssw1472668972.jpg
9,,410 Gone,410 Gone,Combine ingredients,Collins Glass,http://www.thecocktaildb.com/images/media/drink/xtuyqv1472669026.jpg
10,,50/50,50/50,Combine ingredients,Collins Glass,http://www.thecocktaildb.com/images/media/drink/wwpyvr1461919316.jpg
11,,501 Blue,501 Blue,Combine ingredients,Collins Glass,http://www.thecocktaildb.com/images/media/drink/ywxwqs1461867097.jpg
12,,69 Special,69 Special,Combine ingredients,Collins Glass,http://www.thecocktaildb.com/images/media/drink/vqyxqx1472669095.jpg
13,,747,747,Combine ingredients,Shot Glass,http://www.thecocktaildb.com/images/media/drink/xxsxqy1472668106.jpg
14,,9 1/2 Weeks,9 1/2 Weeks,Combine ingredients,Cocktail Glass,http://www.thecocktaildb.com/images/media/drink/xvwusr1472669302.jpg
15,,A Day at the Beach,A Day at the Beach,Combine ingredients,Highball Glass,http://www.thecocktaildb.com/images/media/drink/trptts1454514474.jpg
16,,A Furlong Too Late,A Furlong Too Late,Combine ingredients,Highball Glass,http://www.thecocktaildb.com/images/media/drink/ssxvww1472669166.jpg
17,,A Gilligan's Island,A Gilligan's Island,Combine ingredients,Collins Glass,http://www.thecocktaildb.com/images/media/drink/wysqut1461867176.jpg
18,,A Night In Old Mandalay,A Night In Old Mandalay,Combine ingredients,Highball Glass,http://www.thecocktaildb.com/images/media/drink/vyrvxt1461919380.jpg
19,,A Piece of Ass,A Piece of Ass,Combine ingredients,Highball Glass,http://www.thecocktaildb.com/images/media/drink/tqxyxx1472719737.jpg
20,,A Splash of Nash,A Splash of Nash,Combine ingredients,Highball Glass,http://www.thecocktaildb.com/images/media/drink/rsvtrr1472668201.jpg
21,,A True Amaretto Sour,A True Amaretto Sour,Combine ingredients,Old-fashioned Glass,http://www.thecocktaildb.com/images/media/drink/rptuxy1472669372.jpg
22,,A midsummernight dream,A midsummernight dream,Combine ingredients,Collins Glass,http://www.thecocktaildb.com/images/media/drink/ysqvqp1461867292.jpg
23,,A. J.,A. J.,Combine ingredients,Cocktail Glass,http://www.thecocktaildb.com/images/media/drink/uryyrr1472811418.jpg
24,,A.D.M. (After Dinner Mint),A.D.M. (After Dinner Mint),Combine ingredients,Irish Coffee Cup,http://www.thecocktaildb.com/images/media/drink/ruxuvp1472669600.jpg
25,,A1,A1,Combine ingredients,Cocktail Glass,http://www.thecocktaildb.com/images/media/drink/2x8thr1504816928.jpg
26,,ABC,ABC,Combine ingredients,Shot Glass,http://www.thecocktaildb.com/images/media/drink/tqpvqp1472668328.jpg
27,,ACID,ACID,Combine ingredients,Shot Glass,http://www.thecocktaildb.com/images/media/drink/xuxpxt1479209317.jpg
28,,AT&T,AT&T,Combine ingredients,Highball Glass,http://www.thecocktaildb.com/images/media/drink/rhhwmp1493067619.jpg
29,,Abbey Cocktail,Abbey Cocktail,Combine ingredients,Cocktail Glass,http://www.thecocktaildb.com/images/media/drink/quyyuw1472811568.jpg
30,,Abbey Martini,Abbey Martini,Combine ingredients,Cocktail Glass,http://www.thecocktaildb.com/images/media/drink/2mcozt1504817403.jpg
31,,Abilene,Abilene,Combine ingredients,Highball Glass,http://www.thecocktaildb.com/images/media/drink/ysqwwt1461919465.jpg
32,,Absinthe #2,Absinthe #2,Combine ingredients,Jar,http://www.thecocktaildb.com/images/media/drink/uxxtrt1472667197.jpg
33,,Absolut Evergreen,Absolut Evergreen,Combine ingredients,Collins Glass,http://www.thecocktaildb.com/images/media/drink/wrxrxp1472812609.jpg
34,,Absolut Sex,Absolut Sex,Combine ingredients,Old-fashioned Glass,http://www.thecocktaildb.com/images/media/drink/xtrvtx1472668436.jpg
35,,Absolut Stress #2,Absolut Stress #2,Combine ingredients,Collins Glass,http://www.thecocktaildb.com/images/media/drink/xuyqrw1472811825.jpg
36,,Absolut Summertime,Absolut Summertime,Combine ingredients,Collins Glass,http://www.thecocktaildb.com/images/media/drink/trpxxs1472669662.jpg
37,,Absolut limousine,Absolut limousine,Combine ingredients,Collins Glass,http://www.thecocktaildb.com/images/media/drink/ssqpyw1472719844.jpg
38,,Absolutely Cranberry Smash,Absolutely Cranberry Smash,Combine ingredients,Cocktail Glass,http://www.thecocktaildb.com/images/media/drink/vqwstv1472811884.jpg
39,,Absolutely Fabulous,Absolutely Fabulous,Combine ingredients,Champagne Flute,http://www.thecocktaildb.com/images/media/drink/abcpwr1504817734.jpg
40,,Absolutly Screwed Up,Absolutly Screwed Up,Combine ingredients,Collins Glass,http://www.thecocktaildb.com/images/media/drink/yvxrwv1472669728.jpg
41,,Acapulco,Acapulco,Combine ingredients,Old-fashioned Glass,http://www.thecocktaildb.com/images/media/drink/vtpsvr1472811976.jpg
42,,Ace,Ace,Combine ingredients,Martini Glass,http://www.thecocktaildb.com/images/media/drink/l3cd7f1504818306.jpg
43,,Adam,Adam,Combine ingredients,Cocktail Glass,http://www.thecocktaildb.com/images/media/drink/rwuxsv1472812169.jpg
44,,Adam & Eve,Adam & Eve,Combine ingredients,Cocktail Glass,http://www.thecocktaildb.com/images/media/drink/vfeumw1504819077.jpg
45,,Adam Bomb,Adam Bomb,Combine ingredients,Margarita/coupette Glass,http://www.thecocktaildb.com/images/media/drink/tpxurs1454513016.jpg
46,,Adam Sunrise,Adam Sunrise,Combine ingredients,Collins Glass,http://www.thecocktaildb.com/images/media/drink/vtuyvu1472812112.jpg
47,,Addington,Addington,Combine ingredients,Cocktail Glass,http://www.thecocktaildb.com/images/media/drink/ib0b7g1504818925.jpg
48,,Addison,Addison,Combine ingredients,Martini Glass,http://www.thecocktaildb.com/images/media/drink/yzva7x1504820300.jpg
49,,Addison Special,Addison Special,Combine ingredients,Old-fashioned Glass,http://www.thecocktaildb.com/images/media/drink/4vo5651493068493.jpg
50,,Adios Amigos Cocktail,Adios Amigos Cocktail,Combine ingredients,Martini Glass,http://www.thecocktaildb.com/images/media/drink/8nk2mp1504819893.jpg
51,,Adonis Cocktail,Adonis Cocktail,Combine ingredients,Cocktail Glass,http://www.thecocktaildb.com/images/media/drink/xrvruq1472812030.jpg
52,,Affair,Affair,Combine ingredients,Highball Glass,http://www.thecocktaildb.com/images/media/drink/wxrsxx1472720734.jpg
53,,Affinity,Affinity,Combine ingredients,Cocktail Glass,http://www.thecocktaildb.com/images/media/drink/nwatpb1504817045.jpg
54,,After Dinner Cocktail,After Dinner Cocktail,Combine ingredients,Cocktail Glass,http://www.thecocktaildb.com/images/media/drink/vtytxq1483387578.jpg
55,,After Five,After Five,Combine ingredients,Shot Glass,http://www.thecocktaildb.com/images/media/drink/sk3lr91493068595.jpg
56,,After Supper Cocktail,After Supper Cocktail,Combine ingredients,Cocktail Glass,http://www.thecocktaildb.com/images/media/drink/quyxwu1483387610.jpg
57,,After sex,After sex,Combine ingredients,Highball Glass,http://www.thecocktaildb.com/images/media/drink/xrl66i1493068702.jpg
58,,Afterglow,Afterglow,Combine ingredients,Highball Glass,http://www.thecocktaildb.com/images/media/drink/vuquyv1468876052.jpg
59,,Afternoon,Afternoon,Combine ingredients,Collins Glass,http://www.thecocktaildb.com/images/media/drink/vyrurp1472667777.jpg
60,,Alabama Slammer,Alabama Slammer,Combine ingredients,Highball Glass,http://www.thecocktaildb.com/images/media/drink/qtwxwr1483387647.jpg
61,,Alaska Cocktail,Alaska Cocktail,Combine ingredients,Cocktail Glass,http://www.thecocktaildb.com/images/media/drink/wsyryt1483387720.jpg
62,,Alexander,Alexander,Combine ingredients,Cocktail Glass,http://www.thecocktaildb.com/images/media/drink/urystu1478253039.jpg
63,,Alfie Cocktail,Alfie Cocktail,Combine ingredients,Cocktail Glass,http://www.thecocktaildb.com/images/media/drink/ypxsqy1483387829.jpg
64,,Algonquin,Algonquin,Combine ingredients,Cocktail Glass,http://www.thecocktaildb.com/images/media/drink/uwryxx1483387873.jpg
65,,Alice Cocktail,Alice Cocktail,Combine ingredients,Cocktail Glass,http://www.thecocktaildb.com/images/media/drink/qyqtpv1468876144.jpg
66,,Alice in Wonderland,Alice in Wonderland,Combine ingredients,Collins Glass,http://www.thecocktaildb.com/images/media/drink/g12lj41493069391.jpg
67,,Allegheny,Allegheny,Combine ingredients,Cocktail Glass,http://www.thecocktaildb.com/images/media/drink/uwvyts1483387934.jpg
68,,Allies Cocktail,Allies Cocktail,Combine ingredients,Cocktail Glass,http://www.thecocktaildb.com/images/media/drink/qvprvp1483388104.jpg
69,,Almeria,Almeria,Combine ingredients,Cocktail Glass,http://www.thecocktaildb.com/images/media/drink/rwsyyu1483388181.jpg
70,,Almond Chocolate Coffee,Almond Chocolate Coffee,Combine ingredients,Coffee Mug,http://www.thecocktaildb.com/images/media/drink/jls02c1493069441.jpg
71,,Almond Joy,Almond Joy,Combine ingredients,Cocktail Glass,http://www.thecocktaildb.com/images/media/drink/xutuqs1483388296.jpg
72,,Aloha Fruit punch,Aloha Fruit punch,Combine ingredients,Collins Glass,http://www.thecocktaildb.com/images/media/drink/wsyvrt1468876267.jpg
73,,Amaretto And Cream,Amaretto And Cream,Combine ingredients,Cocktail Glass,http://www.thecocktaildb.com/images/media/drink/dj8n0r1504375018.jpg
74,,Amaretto Liqueur,Amaretto Liqueur,Combine ingredients,Collins Glass,http://www.thecocktaildb.com/images/media/drink/swqxuv1472719649.jpg
75,,Amaretto Mist,Amaretto Mist,Combine ingredients,Old-fashioned Glass,http://www.thecocktaildb.com/images/media/drink/utpxxq1483388370.jpg
76,,Amaretto Rose,Amaretto Rose,Combine ingredients,Collins Glass,http://www.thecocktaildb.com/images/media/drink/3jm41q1493069578.jpg
77,,Amaretto Shake,Amaretto Shake,Combine ingredients,Collins Glass,http://www.thecocktaildb.com/images/media/drink/xk79al1493069655.jpg
78,,Amaretto Sour,Amaretto Sour,Combine ingredients,Collins Glass,http://www.thecocktaildb.com/images/media/drink/xnzc541493070211.jpg
79,,Amaretto Stinger,Amaretto Stinger,Combine ingredients,Cocktail Glass,http://www.thecocktaildb.com/images/media/drink/vvop4w1493069934.jpg
80,,Amaretto Stone Sour,Amaretto Stone Sour,Combine ingredients,Collins Glass,http://www.thecocktaildb.com/images/media/drink/xwryyx1472719921.jpg
81,,Amaretto Stone Sour #3,Amaretto Stone Sour #3,Combine ingredients,Highball Glass,http://www.thecocktaildb.com/images/media/drink/wutxqr1472720012.jpg
82,,Amaretto Sunrise,Amaretto Sunrise,Combine ingredients,Collins Glass,http://www.thecocktaildb.com/images/media/drink/akcpsh1493070267.jpg
83,,Amaretto Sunset,Amaretto Sunset,Combine ingredients,Collins Glass,http://www.thecocktaildb.com/images/media/drink/apictz1493069760.jpg
84,,Amaretto Sweet & Sour,Amaretto Sweet & Sour,Combine ingredients,Margarita/coupette Glass,http://www.thecocktaildb.com/images/media/drink/vswwus1472668546.jpg
85,,Amaretto Tea,Amaretto Tea,Combine ingredients,Pousse Cafe Glass,http://www.thecocktaildb.com/images/media/drink/b7qzo21493070167.jpg
86,,Americano,Americano,Combine ingredients,Collins Glass,http://www.thecocktaildb.com/images/media/drink/trwruu1478253126.jpg
87,,Angel Face,Angel Face,Combine ingredients,Cocktail Glass,http://www.thecocktaildb.com/images/media/drink/vqpptp1478253178.jpg
88,,Angelica Liqueur,Angelica Liqueur,Combine ingredients,Collins Glass,http://www.thecocktaildb.com/images/media/drink/yuurps1472667672.jpg
89,,Apello,Apello,Combine ingredients,Collins Glass,http://www.thecocktaildb.com/images/media/drink/uptxtv1468876415.jpg
90,,Apple Berry Smoothie,Apple Berry Smoothie,Combine ingredients,Highball Glass,http://www.thecocktaildb.com/images/media/drink/xwqvur1468876473.jpg
91,,Apple Cider Punch #1,Apple Cider Punch #1,Combine ingredients,Collins Glass,http://www.thecocktaildb.com/images/media/drink/xrqxuv1454513218.jpg
92,,Apple Grande,Apple Grande,Combine ingredients,Punch Bowl,http://www.thecocktaildb.com/images/media/drink/wqrptx1472668622.jpg
93,,Apple Karate,Apple Karate,Combine ingredients,Highball Glass,http://www.thecocktaildb.com/images/media/drink/syusvw1468876634.jpg
94,,Apple Pie with A Crust,Apple Pie with A Crust,Combine ingredients,Collins Glass,http://www.thecocktaildb.com/images/media/drink/qspqxt1472720078.jpg
95,,Apple Slammer,Apple Slammer,Combine ingredients,Shot Glass,http://www.thecocktaildb.com/images/media/drink/09yd5f1493069852.jpg
96,,Applecar,Applecar,Combine ingredients,Cocktail Glass,http://www.thecocktaildb.com/images/media/drink/sbffau1504389764.jpg
97,,Applejack,Applejack,Combine ingredients,Cocktail Glass,http://www.thecocktaildb.com/images/media/drink/sutyqp1479209062.jpg
98,,Apricot Lady,Apricot Lady,Combine ingredients,Old-fashioned Glass,http://www.thecocktaildb.com/images/media/drink/146f251504389814.jpg
99,,Apricot punch,Apricot punch,Combine ingredients,Punch Bowl,http://www.thecocktaildb.com/images/media/drink/tuxxtp1472668667.jpg
100,,Archbishop,Archbishop,Combine ingredients,Old-fashioned Glass,http://www.thecocktaildb.com/images/media/drink/xpqwrt1441207307.jpg
101,,Arctic Fish,Arctic Fish,Combine ingredients,Beer Pilsner,http://www.thecocktaildb.com/images/media/drink/ttsvwy1472668781.jpg
102,,Arctic Mouthwash,Arctic Mouthwash,Combine ingredients,Cocktail Glass,http://www.thecocktaildb.com/images/media/drink/wqstwv1478963735.jpg
103,,Arise My Love,Arise My Love,Combine ingredients,Champagne Flute,http://www.thecocktaildb.com/images/media/drink/wyrrwv1441207432.jpg
104,,Arizona Antifreeze,Arizona Antifreeze,Combine ingredients,Shot Glass,http://www.thecocktaildb.com/images/media/drink/dbtylp1493067262.jpg
105,,Arizona Stingers,Arizona Stingers,Combine ingredients,Hurricane Glass,http://www.thecocktaildb.com/images/media/drink/y7w0721493068255.jpg
106,,Arizona Twister,Arizona Twister,Combine ingredients,Hurricane Glass,http://www.thecocktaildb.com/images/media/drink/ido1j01493068134.jpg
107,,Army special,Army special,Combine ingredients,Cocktail Glass,http://www.thecocktaildb.com/images/media/drink/55muhh1493068062.jpg
108,,Arthur Tompkins,Arthur Tompkins,Combine ingredients,Whiskey Sour Glass,http://www.thecocktaildb.com/images/media/drink/7onfhz1493067921.jpg
109,,Artillery,Artillery,Combine ingredients,Cocktail Glass,http://www.thecocktaildb.com/images/media/drink/g1vnbe1493067747.jpg
110,,Artillery Punch,Artillery Punch,Combine ingredients,Punch Bowl,http://www.thecocktaildb.com/images/media/drink/9a4vqb1493067692.jpg
111,,Atlantic Sun,Atlantic Sun,Combine ingredients,Collins Glass,http://www.thecocktaildb.com/images/media/drink/doyxqb1493067556.jpg
112,,Atomic Lokade,Atomic Lokade,Combine ingredients,Collins Glass,http://www.thecocktaildb.com/images/media/drink/n3zfrh1493067412.jpg
113,,Auburn Headbanger,Auburn Headbanger,Combine ingredients,Shot Glass,http://www.thecocktaildb.com/images/media/drink/vw7iv91493067320.jpg
114,,Autodafé,Autodafé,Combine ingredients,Highball Glass,http://www.thecocktaildb.com/images/media/drink/7dkf0i1487602928.jpg
115,,Avalanche,Avalanche,Combine ingredients,Highball Glass,http://www.thecocktaildb.com/images/media/drink/uppqty1472720165.jpg
116,,Avalon,Avalon,Combine ingredients,Highball Glass,http://www.thecocktaildb.com/images/media/drink/3k9qic1493068931.jpg
117,,Aviation,Aviation,Combine ingredients,Cocktail Glass,http://www.thecocktaildb.com/images/media/drink/ruutxt1478253328.jpg
118,,Aztec Punch,Aztec Punch,Combine ingredients,Punch Bowl,http://www.thecocktaildb.com/images/media/drink/uqwuyp1454514591.jpg
119,,B-52,B-52,Combine ingredients,Shot Glass,http://www.thecocktaildb.com/images/media/drink/5a3vg61504372070.jpg
120,,B-53,B-53,Combine ingredients,Collins Glass,http://www.thecocktaildb.com/images/media/drink/rwqxrv1461866023.jpg
121,,Baby Eskimo,Baby Eskimo,Combine ingredients,Collins Glass,http://www.thecocktaildb.com/images/media/drink/wywrtw1472720227.jpg
122,,Baby Guinness,Baby Guinness,Combine ingredients,Shot Glass,http://www.thecocktaildb.com/images/media/drink/rvyvxs1473482359.jpg
123,,Bacardi Cocktail,Bacardi Cocktail,Combine ingredients,Cocktail Glass,http://www.thecocktaildb.com/images/media/drink/n433t21504348259.jpg
124,,Bailey's Dream Shake,Bailey's Dream Shake,Combine ingredients,Collins Glass,http://www.thecocktaildb.com/images/media/drink/qxrvqw1472718959.jpg
125,,Balmoral,Balmoral,Combine ingredients,Cocktail Glass,http://www.thecocktaildb.com/images/media/drink/vysuyq1441206297.jpg
126,,Banana Cantaloupe Smoothie,Banana Cantaloupe Smoothie,Combine ingredients,Highball Glass,http://www.thecocktaildb.com/images/media/drink/uqxqsy1468876703.jpg
127,,Banana Daiquiri,Banana Daiquiri,Combine ingredients,Champagne Flute,http://www.thecocktaildb.com/images/media/drink/k1xatq1504389300.jpg
128,,Banana Milk Shake,Banana Milk Shake,Combine ingredients,White Wine Glass,http://www.thecocktaildb.com/images/media/drink/rtwwsx1472720307.jpg
129,,Banana Strawberry Shake,Banana Strawberry Shake,Combine ingredients,Highball Glass,http://www.thecocktaildb.com/images/media/drink/vqquwx1472720634.jpg
130,,Banana Strawberry Shake Daiquiri-type,Banana Strawberry Shake Daiquiri-type,Combine ingredients,Cocktail Glass,http://www.thecocktaildb.com/images/media/drink/uvypss1472720581.jpg
131,,Barracuda,Barracuda,Combine ingredients,Margarita Glass,http://www.thecocktaildb.com/images/media/drink/jwmr1x1504372337.jpg
132,,Belgian Blue,Belgian Blue,Combine ingredients,Highball Glass,http://www.thecocktaildb.com/images/media/drink/rttsxw1441245419.jpg
133,,Bellini,Bellini,Combine ingredients,Champagne Flute,http://www.thecocktaildb.com/images/media/drink/eaag491504367543.jpg
134,,Bellini Martini,Bellini Martini,Combine ingredients,Cocktail Glass,http://www.thecocktaildb.com/images/media/drink/3h9wv51504389379.jpg
135,,Bermuda Highball,Bermuda Highball,Combine ingredients,Highball Glass,http://www.thecocktaildb.com/images/media/drink/qrvtww1441206528.jpg
136,,Berry Deadly,Berry Deadly,Combine ingredients,Collins Glass,http://www.thecocktaildb.com/images/media/drink/xqutpr1461867477.jpg
137,,Between The Sheets,Between The Sheets,Combine ingredients,Cocktail Glass,http://www.thecocktaildb.com/images/media/drink/of1rj41504348346.jpg
138,,Bible Belt,Bible Belt,Combine ingredients,Highball Glass,http://www.thecocktaildb.com/images/media/drink/6bec6v1503563675.jpg
139,,Big Red,Big Red,Combine ingredients,Shot Glass,http://www.thecocktaildb.com/images/media/drink/yqwuwu1441248116.jpg
140,,Black & Tan,Black & Tan,Combine ingredients,Pint Glass,http://www.thecocktaildb.com/images/media/drink/rwpswp1454511017.jpg
141,,Black Forest Shake,Black Forest Shake,Combine ingredients,Collins Glass,http://www.thecocktaildb.com/images/media/drink/xxtxsu1472720505.jpg
142,,Black Russian,Black Russian,Combine ingredients,Old-fashioned Glass,http://www.thecocktaildb.com/images/media/drink/2k5gbb1504367689.jpg
143,,Black and Brown,Black and Brown,Combine ingredients,Beer Pilsner,http://www.thecocktaildb.com/images/media/drink/wwuvxv1472668899.jpg
144,,Blackthorn,Blackthorn,Combine ingredients,Cocktail Glass,http://www.thecocktaildb.com/images/media/drink/xvswvy1441209430.jpg
145,,Bleeding Surgeon,Bleeding Surgeon,Combine ingredients,Collins Glass,http://www.thecocktaildb.com/images/media/drink/usuvvr1472719118.jpg
146,,Blind Russian,Blind Russian,Combine ingredients,Collins Glass,http://www.thecocktaildb.com/images/media/drink/wxuqvr1472720408.jpg
147,,Bloody Maria,Bloody Maria,Combine ingredients,Old-fashioned Glass,http://www.thecocktaildb.com/images/media/drink/yz0j6z1504389461.jpg
148,,Bloody Mary,Bloody Mary,Combine ingredients,Old-fashioned Glass,http://www.thecocktaildb.com/images/media/drink/uyquuu1439906954.jpg
149,,Blue Lagoon,Blue Lagoon,Combine ingredients,Highball Glass,http://www.thecocktaildb.com/images/media/drink/vak0e51504389504.jpg
150,,Blue Margarita,Blue Margarita,Combine ingredients,Cocktail Glass,http://www.thecocktaildb.com/images/media/drink/qtvvyq1439905913.jpg
151,,Blue Mountain,Blue Mountain,Combine ingredients,Old-fashioned Glass,http://www.thecocktaildb.com/images/media/drink/vsxssp1441209853.jpg
152,,Bluebird,Bluebird,Combine ingredients,Cocktail Glass,http://www.thecocktaildb.com/images/media/drink/vxypsq1441209971.jpg
153,,Bob Marley,Bob Marley,Combine ingredients,Shot Glass,http://www.thecocktaildb.com/images/media/drink/rrqrst1477140664.jpg
154,,Bobby Burns Cocktail,Bobby Burns Cocktail,Combine ingredients,Cocktail Glass,http://www.thecocktaildb.com/images/media/drink/km6se51484411608.jpg
155,,Boomerang,Boomerang,Combine ingredients,Cocktail Glass,http://www.thecocktaildb.com/images/media/drink/3m6yz81504389551.jpg
156,,Boozy Snickers Milkshake,Boozy Snickers Milkshake,Combine ingredients,Mason Jar,http://www.thecocktaildb.com/images/media/drink/861tzm1504784164.jpg
157,,Bora Bora,Bora Bora,Combine ingredients,Highball Glass,http://www.thecocktaildb.com/images/media/drink/xwuqvw1473201811.jpg
158,,Boston Sidecar,Boston Sidecar,Combine ingredients,Cocktail Glass,http://www.thecocktaildb.com/images/media/drink/qzs5d11504365962.jpg
159,,Boston Sour,Boston Sour,Combine ingredients,Whiskey Sour Glass,http://www.thecocktaildb.com/images/media/drink/kxlgbi1504366100.jpg
160,,Bourbon Sling,Bourbon Sling,Combine ingredients,Highball Glass,http://www.thecocktaildb.com/images/media/drink/3s36ql1504366260.jpg
161,,Bourbon Sour,Bourbon Sour,Combine ingredients,Whiskey Sour Glass,http://www.thecocktaildb.com/images/media/drink/dms3io1504366318.jpg
162,,Boxcar,Boxcar,Combine ingredients,Whiskey Sour Glass,http://www.thecocktaildb.com/images/media/drink/pwgtpa1504366376.jpg
163,,Brain Fart,Brain Fart,Combine ingredients,Punch Bowl,http://www.thecocktaildb.com/images/media/drink/rz5aun1504389701.jpg
164,,Brainteaser,Brainteaser,Combine ingredients,Shot Glass,http://www.thecocktaildb.com/images/media/drink/ruywtq1461866066.jpg
165,,Bramble,Bramble,Combine ingredients,Old-fashioned Glass,http://www.thecocktaildb.com/images/media/drink/lvzl3r1504372526.jpg
166,,Brandon and Will's Coke Float,Brandon and Will's Coke Float,Combine ingredients,Beer Mug,http://www.thecocktaildb.com/images/media/drink/xspxyr1472719185.jpg
167,,Brandy Alexander,Brandy Alexander,Combine ingredients,Cocktail Glass,http://www.thecocktaildb.com/images/media/drink/tvqxvr1483387746.jpg
168,,Brandy Cobbler,Brandy Cobbler,Combine ingredients,Old-fashioned Glass,http://www.thecocktaildb.com/images/media/drink/vtvutr1439465836.jpg
169,,Brandy Flip,Brandy Flip,Combine ingredients,Whiskey Sour Glass,http://www.thecocktaildb.com/images/media/drink/6ty09d1504366461.jpg
170,,Brandy Sour,Brandy Sour,Combine ingredients,Whiskey Sour Glass,http://www.thecocktaildb.com/images/media/drink/tu0mts1504366540.jpg
171,,Brave Bull Shooter,Brave Bull Shooter,Combine ingredients,Shot Glass,http://www.thecocktaildb.com/images/media/drink/yrtypx1473344625.jpg
172,,Bruce's Puce,Bruce's Puce,Combine ingredients,Shot Glass,http://www.thecocktaildb.com/images/media/drink/svsvqv1473344558.jpg
173,,Bruised Heart,Bruised Heart,Combine ingredients,Shot Glass,http://www.thecocktaildb.com/images/media/drink/7if5kq1503564209.jpg
174,,Bubble Gum,Bubble Gum,Combine ingredients,Shot Glass,http://www.thecocktaildb.com/images/media/drink/spuurv1468878783.jpg
175,,Buccaneer,Buccaneer,Combine ingredients,Beer Pilsner,http://www.thecocktaildb.com/images/media/drink/upvtyt1441249023.jpg
176,,Bumble Bee #1,Bumble Bee #1,Combine ingredients,Shot Glass,http://www.thecocktaildb.com/images/media/drink/uwqpvv1461866378.jpg
177,,Butter Baby,Butter Baby,Combine ingredients,Beer Mug,http://www.thecocktaildb.com/images/media/drink/1xhjk91504783763.jpg
178,,Cafe Savoy,Cafe Savoy,Combine ingredients,Coffee Mug,http://www.thecocktaildb.com/images/media/drink/vqwptt1441247711.jpg
179,,Caipirinha,Caipirinha,Combine ingredients,Old-fashioned Glass,http://www.thecocktaildb.com/images/media/drink/xyrppt1469090521.jpg
180,,Caipirissima,Caipirissima,Combine ingredients,Collins Glass,http://www.thecocktaildb.com/images/media/drink/yd47111503565515.jpg
181,,California Lemonade,California Lemonade,Combine ingredients,Collins Glass,http://www.thecocktaildb.com/images/media/drink/qvvxwy1472406424.jpg
182,,California Root Beer,California Root Beer,Combine ingredients,Highball Glass,http://www.thecocktaildb.com/images/media/drink/rsxuyr1472719526.jpg
183,,Campari Beer,Campari Beer,Combine ingredients,Beer Mug,http://www.thecocktaildb.com/images/media/drink/xsqrup1441249130.jpg
184,,Caribbean Boilermaker,Caribbean Boilermaker,Combine ingredients,Beer Pilsner,http://www.thecocktaildb.com/images/media/drink/svsxsv1454511666.jpg
185,,Caribbean Orange Liqueur,Caribbean Orange Liqueur,Combine ingredients,Collins Glass,http://www.thecocktaildb.com/images/media/drink/qwxuwy1472667570.jpg
186,,Casino,Casino,Combine ingredients,Cocktail Glass,http://www.thecocktaildb.com/images/media/drink/1mvjxg1504348579.jpg
187,,Casino Royale,Casino Royale,Combine ingredients,Whiskey Sour Glass,http://www.thecocktaildb.com/images/media/drink/3qpv121504366699.jpg
188,,Castillian Hot Chocolate,Castillian Hot Chocolate,Combine ingredients,Coffee Mug,http://www.thecocktaildb.com/images/media/drink/3nbu4a1487603196.jpg
189,,Champagne Cocktail,Champagne Cocktail,Combine ingredients,Champagne Flute,http://www.thecocktaildb.com/images/media/drink/ehh5df1504366811.jpg
190,,Cherry Electric Lemonade,Cherry Electric Lemonade,Combine ingredients,Pint Glass,http://www.thecocktaildb.com/images/media/drink/tquyyt1451299548.jpg
191,,Cherry Rum,Cherry Rum,Combine ingredients,Cocktail Glass,http://www.thecocktaildb.com/images/media/drink/twsuvr1441554424.jpg
192,,Chicago Fizz,Chicago Fizz,Combine ingredients,Highball Glass,http://www.thecocktaildb.com/images/media/drink/qwvwqr1441207763.jpg
193,,Chocolate Beverage,Chocolate Beverage,Combine ingredients,Coffee Mug,http://www.thecocktaildb.com/images/media/drink/jbqrhv1487603186.jpg
194,,Chocolate Black Russian,Chocolate Black Russian,Combine ingredients,Champagne Flute,http://www.thecocktaildb.com/images/media/drink/yyvywx1472720879.jpg
195,,Chocolate Drink,Chocolate Drink,Combine ingredients,Coffee Mug,http://www.thecocktaildb.com/images/media/drink/q7w4xu1487603180.jpg
196,,Chocolate Milk,Chocolate Milk,Combine ingredients,Shot Glass,http://www.thecocktaildb.com/images/media/drink/j6q35t1504889399.jpg
197,,Chocolate Monkey,Chocolate Monkey,Combine ingredients,Parfait Glass,http://www.thecocktaildb.com/images/media/drink/tyvpxt1468875212.jpg
198,,Citrus Coke,Citrus Coke,Combine ingredients,Highball Glass,http://www.thecocktaildb.com/images/media/drink/uyrvut1479473214.jpg
199,,City Slicker,City Slicker,Combine ingredients,Cocktail Glass,http://www.thecocktaildb.com/images/media/drink/dazdlg1504366949.jpg
200,,Classic Old-Fashioned,Classic Old-Fashioned,Combine ingredients,Old-fashioned Glass,http://www.thecocktaildb.com/images/media/drink/anhof61504366173.jpg
201,,Clove Cocktail,Clove Cocktail,Combine ingredients,Cocktail Glass,http://www.thecocktaildb.com/images/media/drink/qxvtst1461867579.jpg
202,,Clover Club,Clover Club,Combine ingredients,Cocktail Glass,http://www.thecocktaildb.com/images/media/drink/t0aja61504348715.jpg
203,,Coffee Liqueur,Coffee Liqueur,Combine ingredients,Collins Glass,http://www.thecocktaildb.com/images/media/drink/ryvtsu1441253851.jpg
204,,Coffee-Vodka,Coffee-Vodka,Combine ingredients,Collins Glass,http://www.thecocktaildb.com/images/media/drink/qvrrvu1472667494.jpg
205,,Coke and Drops,Coke and Drops,Combine ingredients,Cocktail Glass,http://www.thecocktaildb.com/images/media/drink/yrtxxp1472719367.jpg
206,,Cosmopolitan,Cosmopolitan,Combine ingredients,Cocktail Glass,http://www.thecocktaildb.com/images/media/drink/kpsajh1504368362.jpg
207,,Cosmopolitan Martini,Cosmopolitan Martini,Combine ingredients,Cocktail Glass,http://www.thecocktaildb.com/images/media/drink/upxxpq1439907580.jpg
208,,Cranberry Cordial,Cranberry Cordial,Combine ingredients,Collins Glass,http://www.thecocktaildb.com/images/media/drink/qtspsx1472667392.jpg
209,,Cranberry Punch,Cranberry Punch,Combine ingredients,Punch Bowl,http://www.thecocktaildb.com/images/media/drink/mzgaqu1504389248.jpg
210,,Cream Soda,Cream Soda,Combine ingredients,Highball Glass,http://www.thecocktaildb.com/images/media/drink/yqstxr1479209367.jpg
211,,Creme de Menthe,Creme de Menthe,Combine ingredients,Collins Glass,http://www.thecocktaildb.com/images/media/drink/yxswtp1441253918.jpg
212,,Cuba Libra,Cuba Libra,Combine ingredients,Highball Glass,http://www.thecocktaildb.com/images/media/drink/ck6d0p1504388696.jpg
213,,Cuba Libre,Cuba Libre,Combine ingredients,Highball Glass,http://www.thecocktaildb.com/images/media/drink/uuxsrr1473201663.jpg
214,,Daiquiri,Daiquiri,Combine ingredients,Cocktail Glass,http://www.thecocktaildb.com/images/media/drink/usuuur1439906797.jpg
215,,Damned if you do,Damned if you do,Combine ingredients,Shot Glass,http://www.thecocktaildb.com/images/media/drink/ql7bmx1503565106.jpg
216,,Danbooka,Danbooka,Combine ingredients,Coffee Mug,http://www.thecocktaildb.com/images/media/drink/vurrxr1441246074.jpg
217,,Dark Caipirinha,Dark Caipirinha,Combine ingredients,Highball Glass,http://www.thecocktaildb.com/images/media/drink/uwstrx1472406058.jpg
218,,Dark and Stormy,Dark and Stormy,Combine ingredients,Highball Glass,http://www.thecocktaildb.com/images/media/drink/t1tn0s1504374905.jpg
219,,Darkwood Sling,Darkwood Sling,Combine ingredients,Cocktail Glass,http://www.thecocktaildb.com/images/media/drink/sxxsyq1472719303.jpg
220,,Derby,Derby,Combine ingredients,Cocktail Glass,http://www.thecocktaildb.com/images/media/drink/i502ra1504349156.jpg
221,,Diesel,Diesel,Combine ingredients,Pint Glass,http://www.thecocktaildb.com/images/media/drink/sxrrqq1454512852.jpg
222,,Dirty Martini,Dirty Martini,Combine ingredients,Cocktail Glass,http://www.thecocktaildb.com/images/media/drink/vcyvpq1485083300.jpg
223,,Dirty Nipple,Dirty Nipple,Combine ingredients,Shot Glass,http://www.thecocktaildb.com/images/media/drink/vtyqrt1461866508.jpg
224,,Downshift,Downshift,Combine ingredients,Hurricane Glass,http://www.thecocktaildb.com/images/media/drink/y36z8c1503563911.jpg
225,,Dragonfly,Dragonfly,Combine ingredients,Highball Glass,http://www.thecocktaildb.com/images/media/drink/lnvbip1504389100.jpg
226,,Drinking Chocolate,Drinking Chocolate,Combine ingredients,Coffee Mug,http://www.thecocktaildb.com/images/media/drink/u6jrdf1487603173.jpg
227,,Dry Rob Roy,Dry Rob Roy,Combine ingredients,Cocktail Glass,http://www.thecocktaildb.com/images/media/drink/typuyq1439456976.jpg
228,,Dubonnet Cocktail,Dubonnet Cocktail,Combine ingredients,Cocktail Glass,http://www.thecocktaildb.com/images/media/drink/xxsuwr1439457147.jpg
229,,Duchamp's Punch,Duchamp's Punch,Combine ingredients,Old-fashioned Glass,http://www.thecocktaildb.com/images/media/drink/g51naw1485084685.jpg
230,,Egg Cream,Egg Cream,Combine ingredients,Coffee Mug,http://www.thecocktaildb.com/images/media/drink/mvis731484430445.jpg
231,,Egg Nog #4,Egg Nog #4,Combine ingredients,Punch Bowl,http://www.thecocktaildb.com/images/media/drink/wpspsy1468875747.jpg
232,,Egg Nog - Healthy,Egg Nog - Healthy,Combine ingredients,Collins Glass,http://www.thecocktaildb.com/images/media/drink/qxuppv1468875308.jpg
233,,Egg-Nog - Classic Cooked,Egg-Nog - Classic Cooked,Combine ingredients,Pitcher,http://www.thecocktaildb.com/images/media/drink/quxsvt1468875505.jpg
234,,English Highball,English Highball,Combine ingredients,Highball Glass,http://www.thecocktaildb.com/images/media/drink/dhvr7d1504519752.jpg
235,,English Rose Cocktail,English Rose Cocktail,Combine ingredients,Cocktail Glass,http://www.thecocktaildb.com/images/media/drink/yxwrpp1441208697.jpg
236,,Espresso Martini,Espresso Martini,Combine ingredients,Cocktail Glass,http://www.thecocktaildb.com/images/media/drink/n0sx531504372951.jpg
237,,Fahrenheit 5000,Fahrenheit 5000,Combine ingredients,Shot Glass,http://www.thecocktaildb.com/images/media/drink/tysssx1473344692.jpg
238,,Flaming Dr. Pepper,Flaming Dr. Pepper,Combine ingredients,Collins Glass,http://www.thecocktaildb.com/images/media/drink/d30z931503565384.jpg
239,,Flaming Lamborghini,Flaming Lamborghini,Combine ingredients,Cocktail Glass,http://www.thecocktaildb.com/images/media/drink/yywpss1461866587.jpg
240,,Flander's Flake-Out,Flander's Flake-Out,Combine ingredients,Collins Glass,http://www.thecocktaildb.com/images/media/drink/sqvqrx1461866705.jpg
241,,Flying Dutchman,Flying Dutchman,Combine ingredients,Old-fashioned Glass,http://www.thecocktaildb.com/images/media/drink/akik8t1504519958.jpg
242,,Flying Scotchman,Flying Scotchman,Combine ingredients,Cocktail Glass,http://www.thecocktaildb.com/images/media/drink/glgrix1504520040.jpg
243,,Foxy Lady,Foxy Lady,Combine ingredients,Cocktail Glass,http://www.thecocktaildb.com/images/media/drink/r9cz3q1504519844.jpg
244,,Frappé,Frappé,Combine ingredients,Highball Glass,http://www.thecocktaildb.com/images/media/drink/vqwryq1441245927.jpg
245,,Freddy Kruger,Freddy Kruger,Combine ingredients,Shot Glass,http://www.thecocktaildb.com/images/media/drink/tuppuq1461866798.jpg
246,,"French ""75""","French ""75""",Combine ingredients,Collins Glass,http://www.thecocktaildb.com/images/media/drink/qpvxsx1439906903.jpg
247,,French 75,French 75,Combine ingredients,Collins Glass,http://www.thecocktaildb.com/images/media/drink/4qnyty1504368615.jpg
248,,French Connection,French Connection,Combine ingredients,Old-fashioned Glass,http://www.thecocktaildb.com/images/media/drink/zaqa381504368758.jpg
249,,French Martini,French Martini,Combine ingredients,Cocktail Glass,http://www.thecocktaildb.com/images/media/drink/clth721504373134.jpg
250,,Frisco Sour,Frisco Sour,Combine ingredients,Whiskey Sour Glass,http://www.thecocktaildb.com/images/media/drink/y39l941504884150.jpg
251,,Frozen Daiquiri,Frozen Daiquiri,Combine ingredients,Champagne Flute,http://www.thecocktaildb.com/images/media/drink/7oyrj91504884412.jpg
252,,Frozen Mint Daiquiri,Frozen Mint Daiquiri,Combine ingredients,Old-fashioned Glass,http://www.thecocktaildb.com/images/media/drink/jrhn1q1504884469.jpg
253,,Frozen Pineapple Daiquiri,Frozen Pineapple Daiquiri,Combine ingredients,Champagne Flute,http://www.thecocktaildb.com/images/media/drink/j2mqsb1504736097.jpg
254,,Fruit Cooler,Fruit Cooler,Combine ingredients,Highball Glass,http://www.thecocktaildb.com/images/media/drink/i3tfn31484430499.jpg
255,,Fruit Flip-Flop,Fruit Flip-Flop,Combine ingredients,Highball Glass,http://www.thecocktaildb.com/images/media/drink/nfdx6p1484430633.jpg
256,,Fruit Shake,Fruit Shake,Combine ingredients,Highball Glass,http://www.thecocktaildb.com/images/media/drink/q0fg2m1484430704.jpg
257,,Fuzzy Asshole,Fuzzy Asshole,Combine ingredients,Coffee Mug,http://www.thecocktaildb.com/images/media/drink/wrvpuu1472667898.jpg
258,,GG,GG,Combine ingredients,Collins Glass,http://www.thecocktaildb.com/images/media/drink/vyxwut1468875960.jpg
259,,Gagliardo,Gagliardo,Combine ingredients,Cocktail Glass,http://www.thecocktaildb.com/images/media/drink/lyloe91487602877.jpg
260,,Gentleman's Club,Gentleman's Club,Combine ingredients,Old-fashioned Glass,http://www.thecocktaildb.com/images/media/drink/ezvy1c1504883335.jpg
261,,Gideon's Green Dinosaur,Gideon's Green Dinosaur,Combine ingredients,Collins Glass,http://www.thecocktaildb.com/images/media/drink/p5r0tr1503564636.jpg
262,,Gin And Tonic,Gin And Tonic,Combine ingredients,Highball Glass,http://www.thecocktaildb.com/images/media/drink/wtyxvx1472405831.jpg
263,,Gin Cooler,Gin Cooler,Combine ingredients,Collins Glass,http://www.thecocktaildb.com/images/media/drink/wsyrvv1478820109.jpg
264,,Gin Daisy,Gin Daisy,Combine ingredients,Old-fashioned Glass,http://www.thecocktaildb.com/images/media/drink/qwxysv1478819943.jpg
265,,Gin Fizz,Gin Fizz,Combine ingredients,Highball Glass,http://www.thecocktaildb.com/images/media/drink/xhl8q31504351772.jpg
266,,Gin Rickey,Gin Rickey,Combine ingredients,Highball Glass,http://www.thecocktaildb.com/images/media/drink/s00d6f1504883945.jpg
267,,Gin Sling,Gin Sling,Combine ingredients,Old-fashioned Glass,http://www.thecocktaildb.com/images/media/drink/h8wmm41504883440.jpg
268,,Gin Smash,Gin Smash,Combine ingredients,Old-fashioned Glass,http://www.thecocktaildb.com/images/media/drink/hp41fi1504883656.jpg
269,,Gin Sour,Gin Sour,Combine ingredients,Whiskey Sour Glass,http://www.thecocktaildb.com/images/media/drink/mt7l7m1504883523.jpg
270,,Gin Squirt,Gin Squirt,Combine ingredients,Highball Glass,http://www.thecocktaildb.com/images/media/drink/xrbhz61504883702.jpg
271,,Gin Swizzle,Gin Swizzle,Combine ingredients,Highball Glass,http://www.thecocktaildb.com/images/media/drink/sybce31504884026.jpg
272,,Gin Toddy,Gin Toddy,Combine ingredients,Old-fashioned Glass,http://www.thecocktaildb.com/images/media/drink/l9gi5h1504820724.jpg
273,,Girl From Ipanema,Girl From Ipanema,Combine ingredients,Wine Glass,http://www.thecocktaildb.com/images/media/drink/xypspq1469090633.jpg
274,,Gluehwein,Gluehwein,Combine ingredients,Irish Coffee Cup,http://www.thecocktaildb.com/images/media/drink/vuxwvt1468875418.jpg
275,,Godchild,Godchild,Combine ingredients,Champagne Flute,http://www.thecocktaildb.com/images/media/drink/m5nhtr1504820829.jpg
276,,Godfather,Godfather,Combine ingredients,Old-fashioned Glass,http://www.thecocktaildb.com/images/media/drink/r74uz51504368928.jpg
277,,Godmother,Godmother,Combine ingredients,Old-fashioned Glass,http://www.thecocktaildb.com/images/media/drink/4889up1504368984.jpg
278,,Golden dream,Golden dream,Combine ingredients,Cocktail Glass,http://www.thecocktaildb.com/images/media/drink/qrot6j1504369425.jpg
279,,Grand Blue,Grand Blue,Combine ingredients,Old-fashioned Glass,http://www.thecocktaildb.com/images/media/drink/vsrsqu1472761749.jpg
280,,Grape lemon pineapple Smoothie,Grape lemon pineapple Smoothie,Combine ingredients,Highball Glass,http://www.thecocktaildb.com/images/media/drink/54z5h71487603583.jpg
281,,Grass Skirt,Grass Skirt,Combine ingredients,Old-fashioned Glass,http://www.thecocktaildb.com/images/media/drink/qyvprp1473891585.jpg
282,,Grasshopper,Grasshopper,Combine ingredients,Cocktail Glass,http://www.thecocktaildb.com/images/media/drink/aqm9el1504369613.jpg
283,,Green Goblin,Green Goblin,Combine ingredients,Pint Glass,http://www.thecocktaildb.com/images/media/drink/qxprxr1454511520.jpg
284,,Grim Reaper,Grim Reaper,Combine ingredients,Old-fashioned Glass,http://www.thecocktaildb.com/images/media/drink/kztu161504883192.jpg
285,,Grizzly Bear,Grizzly Bear,Combine ingredients,Collins Glass,http://www.thecocktaildb.com/images/media/drink/k6v97f1487602550.jpg
286,,H.D.,H.D.,Combine ingredients,Beer Mug,http://www.thecocktaildb.com/images/media/drink/upusyu1472667977.jpg
287,,Happy Skipper,Happy Skipper,Combine ingredients,Highball Glass,http://www.thecocktaildb.com/images/media/drink/42w2g41487602448.jpg
288,,Harvey Wallbanger,Harvey Wallbanger,Combine ingredients,Collins Glass,http://www.thecocktaildb.com/images/media/drink/vg4bva1504369725.jpg
289,,Havana Cocktail,Havana Cocktail,Combine ingredients,Cocktail Glass,http://www.thecocktaildb.com/images/media/drink/59splc1504882899.jpg
290,,Hawaiian Cocktail,Hawaiian Cocktail,Combine ingredients,Cocktail Glass,http://www.thecocktaildb.com/images/media/drink/ujoh9x1504882987.jpg
291,,Hemingway Special,Hemingway Special,Combine ingredients,Cocktail Glass,http://www.thecocktaildb.com/images/media/drink/jfcvps1504369888.jpg
292,,Herbal flame,Herbal flame,Combine ingredients,Mason Jar,http://www.thecocktaildb.com/images/media/drink/rrstxv1441246184.jpg
293,,Highland Fling Cocktail,Highland Fling Cocktail,Combine ingredients,Cocktail Glass,http://www.thecocktaildb.com/images/media/drink/0bkwca1492975553.jpg
294,,Holloween Punch,Holloween Punch,Combine ingredients,Punch Bowl,http://www.thecocktaildb.com/images/media/drink/lfeoe41504888925.jpg
295,,Homemade Kahlua,Homemade Kahlua,Combine ingredients,Collins Glass,http://www.thecocktaildb.com/images/media/drink/uwtsst1441254025.jpg
296,,Horse's Neck,Horse's Neck,Combine ingredients,Highball Glass,http://www.thecocktaildb.com/images/media/drink/006k4e1504370092.jpg
297,,Hot Chocolate to Die for,Hot Chocolate to Die for,Combine ingredients,Coffee Mug,http://www.thecocktaildb.com/images/media/drink/0lrmjp1487603166.jpg
298,,Hot Creamy Bush,Hot Creamy Bush,Combine ingredients,Irish Coffee Cup,http://www.thecocktaildb.com/images/media/drink/spvrtp1472668037.jpg
299,,Ice Pick #1,Ice Pick #1,Combine ingredients,Collins Glass,http://www.thecocktaildb.com/images/media/drink/ypsrqp1469091726.jpg
300,,Iced Coffee,Iced Coffee,Combine ingredients,Coffee Mug,http://www.thecocktaildb.com/images/media/drink/ytprxy1454513855.jpg
301,,Iced Coffee Fillip,Iced Coffee Fillip,Combine ingredients,Coffee Mug,http://www.thecocktaildb.com/images/media/drink/sxtxrp1454514223.jpg
302,,Imperial Cocktail,Imperial Cocktail,Combine ingredients,Cocktail Glass,http://www.thecocktaildb.com/images/media/drink/bcsj2e1487603625.jpg
303,,Imperial Fizz,Imperial Fizz,Combine ingredients,Highball Glass,http://www.thecocktaildb.com/images/media/drink/zj1usl1504884548.jpg
304,,Ipamena,Ipamena,Combine ingredients,Wine Glass,http://www.thecocktaildb.com/images/media/drink/yswuwp1469090992.jpg
305,,Irish Coffee,Irish Coffee,Combine ingredients,Irish Coffee Cup,http://www.thecocktaildb.com/images/media/drink/sywsqw1439906999.jpg
306,,Irish Cream,Irish Cream,Combine ingredients,Irish Coffee Cup,http://www.thecocktaildb.com/images/media/drink/90etyl1504884699.jpg
307,,Irish Curdling Cow,Irish Curdling Cow,Combine ingredients,Highball Glass,http://www.thecocktaildb.com/images/media/drink/yrhutv1503563730.jpg
308,,Irish Russian,Irish Russian,Combine ingredients,Highball Glass,http://www.thecocktaildb.com/images/media/drink/swqurw1454512730.jpg
309,,Irish Spring,Irish Spring,Combine ingredients,Collins Glass,http://www.thecocktaildb.com/images/media/drink/sot8v41504884783.jpg
310,,Jack Rose Cocktail,Jack Rose Cocktail,Combine ingredients,Cocktail Glass,http://www.thecocktaildb.com/images/media/drink/uuqqrv1439907068.jpg
311,,Jack's Vanilla Coke,Jack's Vanilla Coke,Combine ingredients,Old-fashioned Glass,http://www.thecocktaildb.com/images/media/drink/kjnt7z1504793319.jpg
312,,Jackhammer,Jackhammer,Combine ingredients,Collins Glass,http://www.thecocktaildb.com/images/media/drink/9von5j1504388896.jpg
313,,Jam Donut,Jam Donut,Combine ingredients,Shot Glass,http://www.thecocktaildb.com/images/media/drink/uuytrp1474039804.jpg
314,,Jamaica Kiss,Jamaica Kiss,Combine ingredients,Hurricane Glass,http://www.thecocktaildb.com/images/media/drink/urpvvv1441249549.jpg
315,,Jamaican Coffee,Jamaican Coffee,Combine ingredients,Champagne Flute,http://www.thecocktaildb.com/images/media/drink/xqptps1441247257.jpg
316,,Japanese Fizz,Japanese Fizz,Combine ingredients,Highball Glass,http://www.thecocktaildb.com/images/media/drink/37vzv11504884831.jpg
317,,Jello shots,Jello shots,Combine ingredients,Shot Glass,http://www.thecocktaildb.com/images/media/drink/l0smzo1504884904.jpg
318,,Jelly Bean,Jelly Bean,Combine ingredients,Cordial Glass,http://www.thecocktaildb.com/images/media/drink/bglc6y1504388797.jpg
319,,Jewel Of The Nile,Jewel Of The Nile,Combine ingredients,Cocktail Glass,http://www.thecocktaildb.com/images/media/drink/hx4nrb1504884947.jpg
320,,Jitterbug,Jitterbug,Combine ingredients,Cocktail Glass,http://www.thecocktaildb.com/images/media/drink/wwqvrq1441245318.jpg
321,,John Collins,John Collins,Combine ingredients,Collins Glass,http://www.thecocktaildb.com/images/media/drink/u5yaxl1504350270.jpg
322,,Just a Moonmint,Just a Moonmint,Combine ingredients,Highball Glass,http://www.thecocktaildb.com/images/media/drink/znald61487604035.jpg
323,,Kamikaze,Kamikaze,Combine ingredients,Cocktail Glass,http://www.thecocktaildb.com/images/media/drink/xa58bb1504373204.jpg
324,,Karsk,Karsk,Combine ingredients,Highball Glass,http://www.thecocktaildb.com/images/media/drink/808mxk1487602471.jpg
325,,Kentucky B And B,Kentucky B And B,Combine ingredients,Brandy Snifter,http://www.thecocktaildb.com/images/media/drink/sqxsxp1478820236.jpg
326,,Kentucky Colonel,Kentucky Colonel,Combine ingredients,Cocktail Glass,http://www.thecocktaildb.com/images/media/drink/utqwpu1478820348.jpg
327,,Kill the cold Smoothie,Kill the cold Smoothie,Combine ingredients,Highball Glass,http://www.thecocktaildb.com/images/media/drink/7j1z2e1487603414.jpg
328,,Kioki Coffee,Kioki Coffee,Combine ingredients,Coffee Mug,http://www.thecocktaildb.com/images/media/drink/uppqty1441247374.jpg
329,,Kir,Kir,Combine ingredients,Wine Glass,http://www.thecocktaildb.com/images/media/drink/apneom1504370294.jpg
330,,Kir Royale,Kir Royale,Combine ingredients,Champagne Flute,http://www.thecocktaildb.com/images/media/drink/yt9i7n1504370388.jpg
331,,Kiss me Quick,Kiss me Quick,Combine ingredients,Highball Glass,http://www.thecocktaildb.com/images/media/drink/m7iaxu1504885119.jpg
332,,Kiwi Lemon,Kiwi Lemon,Combine ingredients,Highball Glass,http://www.thecocktaildb.com/images/media/drink/tpupvr1478251697.jpg
333,,Kiwi Papaya Smoothie,Kiwi Papaya Smoothie,Combine ingredients,Highball Glass,http://www.thecocktaildb.com/images/media/drink/jogv4w1487603571.jpg
334,,Kool First Aid,Kool First Aid,Combine ingredients,Shot Glass,http://www.thecocktaildb.com/images/media/drink/hfp6sv1503564824.jpg
335,,Kool-Aid Shot,Kool-Aid Shot,Combine ingredients,Old-fashioned Glass,http://www.thecocktaildb.com/images/media/drink/fegm621503564966.jpg
336,,Kool-Aid Slammer,Kool-Aid Slammer,Combine ingredients,Shot Glass,http://www.thecocktaildb.com/images/media/drink/kugu2m1504735473.jpg
337,,Kurant Tea,Kurant Tea,Combine ingredients,Champagne Flute,http://www.thecocktaildb.com/images/media/drink/xrsrpr1441247464.jpg
338,,Lady Love Fizz,Lady Love Fizz,Combine ingredients,Cocktail Glass,http://www.thecocktaildb.com/images/media/drink/20d63k1504885263.jpg
339,,Lassi - A South Indian Drink,Lassi - A South Indian Drink,Combine ingredients,Highball Glass,http://www.thecocktaildb.com/images/media/drink/iq6scx1487603980.jpg
340,,Lassi - Mango,Lassi - Mango,Combine ingredients,Highball Glass,http://www.thecocktaildb.com/images/media/drink/1bw6sd1487603816.jpg
341,,Lassi - Sweet,Lassi - Sweet,Combine ingredients,Highball Glass,http://www.thecocktaildb.com/images/media/drink/9jeifz1487603885.jpg
342,,Lassi Khara,Lassi Khara,Combine ingredients,Highball Glass,http://www.thecocktaildb.com/images/media/drink/m1suzm1487603970.jpg
343,,Lassi Raita,Lassi Raita,Combine ingredients,Highball Glass,http://www.thecocktaildb.com/images/media/drink/s4x0qj1487603933.jpg
344,,Lemon Drop,Lemon Drop,Combine ingredients,Cocktail Glass,http://www.thecocktaildb.com/images/media/drink/mtpxgk1504373297.jpg
345,,Lemon Shot,Lemon Shot,Combine ingredients,Shot Glass,http://www.thecocktaildb.com/images/media/drink/mx31hv1487602979.jpg
346,,Lemouroudji,Lemouroudji,Combine ingredients,Highball Glass,http://www.thecocktaildb.com/images/media/drink/eirmo71487603745.jpg
347,,Limeade,Limeade,Combine ingredients,Highball Glass,http://www.thecocktaildb.com/images/media/drink/5jdp5r1487603680.jpg
348,,Limona Corona,Limona Corona,Combine ingredients,Beer Glass,http://www.thecocktaildb.com/images/media/drink/wwqrsw1441248662.jpg
349,,Loch Lomond,Loch Lomond,Combine ingredients,Cocktail Glass,http://www.thecocktaildb.com/images/media/drink/rpvtpr1468923881.jpg
350,,London Town,London Town,Combine ingredients,Cocktail Glass,http://www.thecocktaildb.com/images/media/drink/rpsrqv1468923507.jpg
351,,Lone Tree Cocktail,Lone Tree Cocktail,Combine ingredients,Cocktail Glass,http://www.thecocktaildb.com/images/media/drink/tsxpty1468923417.jpg
352,,Lone Tree Cooler,Lone Tree Cooler,Combine ingredients,Collins Glass,http://www.thecocktaildb.com/images/media/drink/wsyqry1479298485.jpg
353,,Long Island Iced Tea,Long Island Iced Tea,Combine ingredients,Highball Glass,http://www.thecocktaildb.com/images/media/drink/wx7hsg1504370510.jpg
354,,Long Island Tea,Long Island Tea,Combine ingredients,Highball Glass,http://www.thecocktaildb.com/images/media/drink/ywxwqs1439906072.jpg
355,,Long vodka,Long vodka,Combine ingredients,Highball Glass,http://www.thecocktaildb.com/images/media/drink/9179i01503565212.jpg
356,,Lord And Lady,Lord And Lady,Combine ingredients,Old-fashioned Glass,http://www.thecocktaildb.com/images/media/drink/quwrys1468923219.jpg
357,,Lunch Box,Lunch Box,Combine ingredients,Pint Glass,http://www.thecocktaildb.com/images/media/drink/qywpvt1454512546.jpg
358,,Mai Tai,Mai Tai,Combine ingredients,Collins Glass,http://www.thecocktaildb.com/images/media/drink/twyrrp1439907470.jpg
359,,Malibu Twister,Malibu Twister,Combine ingredients,Highball Glass,http://www.thecocktaildb.com/images/media/drink/2dwae41504885321.jpg
360,,Mango Orange Smoothie,Mango Orange Smoothie,Combine ingredients,Highball Glass,http://www.thecocktaildb.com/images/media/drink/vdp2do1487603520.jpg
361,,Manhattan,Manhattan,Combine ingredients,Cocktail Glass,http://www.thecocktaildb.com/images/media/drink/ec2jtz1504350429.jpg
362,,Margarita,Margarita,Combine ingredients,Cocktail Glass,http://www.thecocktaildb.com/images/media/drink/wpxpvu1439905379.jpg
363,,Martinez Cocktail,Martinez Cocktail,Combine ingredients,Cocktail Glass,http://www.thecocktaildb.com/images/media/drink/wwxwvr1439906452.jpg
364,,Martini,Martini,Combine ingredients,Cocktail Glass,http://www.thecocktaildb.com/images/media/drink/71t8581504353095.jpg
365,,Mary Pickford,Mary Pickford,Combine ingredients,Cocktail Glass,http://www.thecocktaildb.com/images/media/drink/f9erqb1504350557.jpg
366,,Masala Chai,Masala Chai,Combine ingredients,Coffee Mug,http://www.thecocktaildb.com/images/media/drink/uyrpww1441246384.jpg
367,,Melya,Melya,Combine ingredients,Coffee Mug,http://www.thecocktaildb.com/images/media/drink/xwtptq1441247579.jpg
368,,Miami Vice,Miami Vice,Combine ingredients,Cocktail Glass,http://www.thecocktaildb.com/images/media/drink/qvuyqw1441208955.jpg
369,,Microwave Hot Cocoa,Microwave Hot Cocoa,Combine ingredients,Coffee Mug,http://www.thecocktaildb.com/images/media/drink/8y4x5f1487603151.jpg
370,,Midnight Cowboy,Midnight Cowboy,Combine ingredients,Cocktail Glass,http://www.thecocktaildb.com/images/media/drink/vsxxwy1441208133.jpg
371,,Midnight Manx,Midnight Manx,Combine ingredients,Old-fashioned Glass,http://www.thecocktaildb.com/images/media/drink/uqqurp1441208231.jpg
372,,Midnight Mint,Midnight Mint,Combine ingredients,Cocktail Glass,http://www.thecocktaildb.com/images/media/drink/svuvrq1441208310.jpg
373,,Mimosa,Mimosa,Combine ingredients,Champagne Flute,http://www.thecocktaildb.com/images/media/drink/juhcuu1504370685.jpg
374,,Mississippi Planters Punch,Mississippi Planters Punch,Combine ingredients,Collins Glass,http://www.thecocktaildb.com/images/media/drink/urpyqs1439907531.jpg
375,,Mocha-Berry,Mocha-Berry,Combine ingredients,Irish Coffee Cup,http://www.thecocktaildb.com/images/media/drink/vtwyyx1441246448.jpg
376,,Mojito,Mojito,Combine ingredients,Highball Glass,http://www.thecocktaildb.com/images/media/drink/rxtqps1478251029.jpg
377,,Mojito #3,Mojito #3,Combine ingredients,Collins Glass,http://www.thecocktaildb.com/images/media/drink/vwxrsw1478251483.jpg
378,,Monkey Gland,Monkey Gland,Combine ingredients,Cocktail Glass,http://www.thecocktaildb.com/images/media/drink/94psp81504350690.jpg
379,,Monkey Wrench,Monkey Wrench,Combine ingredients,Old-fashioned Glass,http://www.thecocktaildb.com/images/media/drink/8it05n1504353314.jpg
380,,Moranguito,Moranguito,Combine ingredients,Shot Glass,http://www.thecocktaildb.com/images/media/drink/urpsyq1475667335.jpg
381,,Moscow Mule,Moscow Mule,Combine ingredients,Copper Mug,http://www.thecocktaildb.com/images/media/drink/3pylqc1504370988.jpg
382,,Mother's Milk,Mother's Milk,Combine ingredients,Shot Glass,http://www.thecocktaildb.com/images/media/drink/7stuuh1504885399.jpg
383,,Mudslinger,Mudslinger,Combine ingredients,Punch Bowl,http://www.thecocktaildb.com/images/media/drink/hepk6h1504885554.jpg
384,,Mulled Wine,Mulled Wine,Combine ingredients,Collins Glass,http://www.thecocktaildb.com/images/media/drink/iuwi6h1504735724.jpg
385,,National Aquarium,National Aquarium,Combine ingredients,Collins Glass,http://www.thecocktaildb.com/images/media/drink/dlw0om1503565021.jpg
386,,Negroni,Negroni,Combine ingredients,Old-fashioned Glass,http://www.thecocktaildb.com/images/media/drink/tutwwv1439907127.jpg
387,,New York Lemonade,New York Lemonade,Combine ingredients,Cocktail Glass,http://www.thecocktaildb.com/images/media/drink/b3n0ge1503565473.jpg
388,,New York Sour,New York Sour,Combine ingredients,Whiskey Sour Glass,http://www.thecocktaildb.com/images/media/drink/61wgch1504882795.jpg
389,,Nuked Hot Chocolate,Nuked Hot Chocolate,Combine ingredients,Coffee Mug,http://www.thecocktaildb.com/images/media/drink/xcu6nb1487603142.jpg
390,,Nutty Irishman,Nutty Irishman,Combine ingredients,Highball Glass,http://www.thecocktaildb.com/images/media/drink/xspupx1441248014.jpg
391,,Old Fashioned,Old Fashioned,Combine ingredients,Old-fashioned Glass,http://www.thecocktaildb.com/images/media/drink/vrwquq1478252802.jpg
392,,Orange Crush,Orange Crush,Combine ingredients,Shot Glass,http://www.thecocktaildb.com/images/media/drink/zvoics1504885926.jpg
393,,Orange Oasis,Orange Oasis,Combine ingredients,Highball Glass,http://www.thecocktaildb.com/images/media/drink/xqqytq1441167923.jpg
394,,Orange Push-up,Orange Push-up,Combine ingredients,Hurricane Glass,http://www.thecocktaildb.com/images/media/drink/mgf0y91503565781.jpg
395,,Orange Scented Hot Chocolate,Orange Scented Hot Chocolate,Combine ingredients,Coffee Mug,http://www.thecocktaildb.com/images/media/drink/hdzwrh1487603131.jpg
396,,Orange Whip,Orange Whip,Combine ingredients,Collins Glass,http://www.thecocktaildb.com/images/media/drink/ttyrxr1454514759.jpg
397,,Orangeade,Orangeade,Combine ingredients,Highball Glass,http://www.thecocktaildb.com/images/media/drink/ytsxxw1441167732.jpg
398,,Oreo Mudslide,Oreo Mudslide,Combine ingredients,Collins Glass,http://www.thecocktaildb.com/images/media/drink/tpwwut1468925017.jpg
399,,Orgasm,Orgasm,Combine ingredients,Cocktail Glass,http://www.thecocktaildb.com/images/media/drink/vr6kle1504886114.jpg
400,,Owen's Grandmother's Revenge,Owen's Grandmother's Revenge,Combine ingredients,Highball Glass,http://www.thecocktaildb.com/images/media/drink/0wt4uo1503565321.jpg
401,,Paradise,Paradise,Combine ingredients,Cocktail Glass,http://www.thecocktaildb.com/images/media/drink/ejozd71504351060.jpg
402,,Pina Colada,Pina Colada,Combine ingredients,Collins Glass,http://www.thecocktaildb.com/images/media/drink/cpf4j51504371346.jpg
403,,Pineapple Gingerale Smoothie,Pineapple Gingerale Smoothie,Combine ingredients,Highball Glass,http://www.thecocktaildb.com/images/media/drink/eg9i1d1487603469.jpg
404,,Pink Gin,Pink Gin,Combine ingredients,White Wine Glass,http://www.thecocktaildb.com/images/media/drink/qyr51e1504888618.jpg
405,,Pink Lady,Pink Lady,Combine ingredients,Cocktail Glass,http://www.thecocktaildb.com/images/media/drink/5ia6j21504887829.jpg
406,,Pink Panty Pulldowns,Pink Panty Pulldowns,Combine ingredients,Collins Glass,http://www.thecocktaildb.com/images/media/drink/squsuy1468926657.jpg
407,,Pink Penocha,Pink Penocha,Combine ingredients,Punch Bowl,http://www.thecocktaildb.com/images/media/drink/6vigjx1503564007.jpg
408,,Pisco Sour,Pisco Sour,Combine ingredients,Cocktail Glass,http://www.thecocktaildb.com/images/media/drink/tsssur1439907622.jpg
409,,Planter's Punch,Planter's Punch,Combine ingredients,Collins Glass,http://www.thecocktaildb.com/images/media/drink/yvos231504351384.jpg
410,,Popped cherry,Popped cherry,Combine ingredients,Highball Glass,http://www.thecocktaildb.com/images/media/drink/sxvrwv1473344825.jpg
411,,Poppy Cocktail,Poppy Cocktail,Combine ingredients,Cocktail Glass,http://www.thecocktaildb.com/images/media/drink/cslw1w1504389915.jpg
412,,Port And Starboard,Port And Starboard,Combine ingredients,Pousse Cafe Glass,http://www.thecocktaildb.com/images/media/drink/wxvupx1441553911.jpg
413,,Port Wine Cocktail,Port Wine Cocktail,Combine ingredients,Cocktail Glass,http://www.thecocktaildb.com/images/media/drink/qruprq1441553976.jpg
414,,Port Wine Flip,Port Wine Flip,Combine ingredients,Whiskey Sour Glass,http://www.thecocktaildb.com/images/media/drink/vrprxu1441553844.jpg
415,,Porto flip,Porto flip,Combine ingredients,Cocktail Glass,http://www.thecocktaildb.com/images/media/drink/64x5j41504351518.jpg
416,,Pysch Vitamin Light,Pysch Vitamin Light,Combine ingredients,Collins Glass,http://www.thecocktaildb.com/images/media/drink/xsqsxw1441553580.jpg
417,,Quaker's Cocktail,Quaker's Cocktail,Combine ingredients,Cocktail Glass,http://www.thecocktaildb.com/images/media/drink/yrqppx1478962314.jpg
418,,Quarter Deck Cocktail,Quarter Deck Cocktail,Combine ingredients,Cocktail Glass,http://www.thecocktaildb.com/images/media/drink/qrwvps1478963017.jpg
419,,Queen Bee,Queen Bee,Combine ingredients,Cocktail Glass,http://www.thecocktaildb.com/images/media/drink/rvvpxu1478963194.jpg
420,,Queen Charlotte,Queen Charlotte,Combine ingredients,Collins Glass,http://www.thecocktaildb.com/images/media/drink/vqruyt1478963249.jpg
421,,Queen Elizabeth,Queen Elizabeth,Combine ingredients,Cocktail Glass,http://www.thecocktaildb.com/images/media/drink/vpqspv1478963339.jpg
422,,Quentin,Quentin,Combine ingredients,Cocktail Glass,http://www.thecocktaildb.com/images/media/drink/spxtqp1478963398.jpg
423,,Quick F**K,Quick F**K,Combine ingredients,Shot Glass,http://www.thecocktaildb.com/images/media/drink/wvtwpp1478963454.jpg
424,,Quick-sand,Quick-sand,Combine ingredients,Highball Glass,http://www.thecocktaildb.com/images/media/drink/vprxqv1478963533.jpg
425,,Radioactive Long Island Iced Tea,Radioactive Long Island Iced Tea,Combine ingredients,Collins Glass,http://www.thecocktaildb.com/images/media/drink/rdvqmh1503563512.jpg
426,,Radler,Radler,Combine ingredients,Highball Glass,http://www.thecocktaildb.com/images/media/drink/xz8igv1504888995.jpg
427,,Rail Splitter,Rail Splitter,Combine ingredients,Highball Glass,http://www.thecocktaildb.com/images/media/drink/stsuqq1441207660.jpg
428,,Raspberry Cooler,Raspberry Cooler,Combine ingredients,Highball Glass,http://www.thecocktaildb.com/images/media/drink/suqyyx1441254346.jpg
429,,Red Snapper,Red Snapper,Combine ingredients,Old-fashioned Glass,http://www.thecocktaildb.com/images/media/drink/7p607y1504735343.jpg
430,,Rose,Rose,Combine ingredients,Cocktail Glass,http://www.thecocktaildb.com/images/media/drink/8kxbvq1504371462.jpg
431,,Royal Bitch,Royal Bitch,Combine ingredients,Shot Glass,http://www.thecocktaildb.com/images/media/drink/qupuyr1441210090.jpg
432,,Royal Fizz,Royal Fizz,Combine ingredients,Collins Glass,http://www.thecocktaildb.com/images/media/drink/wrh44j1504390609.jpg
433,,Royal Flush,Royal Flush,Combine ingredients,Old-fashioned Glass,http://www.thecocktaildb.com/images/media/drink/7rnm8u1504888527.jpg
434,,Royal Gin Fizz,Royal Gin Fizz,Combine ingredients,Highball Glass,http://www.thecocktaildb.com/images/media/drink/pe1x1c1504735672.jpg
435,,Ruby Tuesday,Ruby Tuesday,Combine ingredients,Highball Glass,http://www.thecocktaildb.com/images/media/drink/qsyqqq1441553437.jpg
436,,Rum Cobbler,Rum Cobbler,Combine ingredients,Old-fashioned Glass,http://www.thecocktaildb.com/images/media/drink/5vh9ld1504390683.jpg
437,,Rum Cooler,Rum Cooler,Combine ingredients,Collins Glass,http://www.thecocktaildb.com/images/media/drink/2hgwsb1504888674.jpg
438,,Rum Milk Punch,Rum Milk Punch,Combine ingredients,Collins Glass,http://www.thecocktaildb.com/images/media/drink/w64lqm1504888810.jpg
439,,Rum Old-fashioned,Rum Old-fashioned,Combine ingredients,Old-fashioned Glass,http://www.thecocktaildb.com/images/media/drink/otn2011504820649.jpg
440,,Rum Punch,Rum Punch,Combine ingredients,Punch Bowl,http://www.thecocktaildb.com/images/media/drink/wyrsxu1441554538.jpg
441,,Rum Runner,Rum Runner,Combine ingredients,Cocktail Glass,http://www.thecocktaildb.com/images/media/drink/vqws6t1504888857.jpg
442,,Rum Screwdriver,Rum Screwdriver,Combine ingredients,Highball Glass,http://www.thecocktaildb.com/images/media/drink/pwl7v81504886372.jpg
443,,Rum Sour,Rum Sour,Combine ingredients,Whiskey Sour Glass,http://www.thecocktaildb.com/images/media/drink/bylfi21504886323.jpg
444,,Rum Toddy,Rum Toddy,Combine ingredients,Old-fashioned Glass,http://www.thecocktaildb.com/images/media/drink/athdk71504886286.jpg
445,,Russian Spring Punch,Russian Spring Punch,Combine ingredients,Highball Glass,http://www.thecocktaildb.com/images/media/drink/ctt20s1504373488.jpg
446,,Rusty Nail,Rusty Nail,Combine ingredients,Old-fashioned Glass,http://www.thecocktaildb.com/images/media/drink/yqsvtw1478252982.jpg
447,,Salty Dog,Salty Dog,Combine ingredients,Highball Glass,http://www.thecocktaildb.com/images/media/drink/4vfge01504890216.jpg
448,,San Francisco,San Francisco,Combine ingredients,Highball Glass,http://www.thecocktaildb.com/images/media/drink/szmj2d1504889961.jpg
449,,Sangria #1,Sangria #1,Combine ingredients,Pitcher,http://www.thecocktaildb.com/images/media/drink/xrvxpp1441249280.jpg
450,,Sangria - The World's Best,Sangria - The World's Best,Combine ingredients,Pitcher,http://www.thecocktaildb.com/images/media/drink/vysywu1468924264.jpg
451,,Sazerac,Sazerac,Combine ingredients,Old-fashioned Glass,http://www.thecocktaildb.com/images/media/drink/vvpxwy1439907208.jpg
452,,Scooter,Scooter,Combine ingredients,Cocktail Glass,http://www.thecocktaildb.com/images/media/drink/twuptu1483388307.jpg
453,,Scotch Cobbler,Scotch Cobbler,Combine ingredients,Old-fashioned Glass,http://www.thecocktaildb.com/images/media/drink/1q7coh1504736227.jpg
454,,Scotch Sour,Scotch Sour,Combine ingredients,Whiskey Sour Glass,http://www.thecocktaildb.com/images/media/drink/0dnb6k1504890436.jpg
455,,Scottish Highland Liqueur,Scottish Highland Liqueur,Combine ingredients,Collins Glass,http://www.thecocktaildb.com/images/media/drink/upqvvp1441253441.jpg
456,,Screaming Orgasm,Screaming Orgasm,Combine ingredients,Cocktail Glass,http://www.thecocktaildb.com/images/media/drink/x894cs1504388670.jpg
457,,Screwdriver,Screwdriver,Combine ingredients,Highball Glass,http://www.thecocktaildb.com/images/media/drink/8xnyke1504352207.jpg
458,,Sea breeze,Sea breeze,Combine ingredients,Highball Glass,http://www.thecocktaildb.com/images/media/drink/7rfuks1504371562.jpg
459,,Sex on the Beach,Sex on the Beach,Combine ingredients,Highball Glass,http://www.thecocktaildb.com/images/media/drink/twsvwr1469092365.jpg
460,,Shanghai Cocktail,Shanghai Cocktail,Combine ingredients,Cocktail Glass,http://www.thecocktaildb.com/images/media/drink/ttyrxr1478820678.jpg
461,,Shark Attack,Shark Attack,Combine ingredients,Pitcher,http://www.thecocktaildb.com/images/media/drink/uv96zr1504793256.jpg
462,,Sherry Eggnog,Sherry Eggnog,Combine ingredients,Collins Glass,http://www.thecocktaildb.com/images/media/drink/xwrpsv1478820541.jpg
463,,Sherry Flip,Sherry Flip,Combine ingredients,Whiskey Sour Glass,http://www.thecocktaildb.com/images/media/drink/qrryvq1478820428.jpg
464,,Shot-gun,Shot-gun,Combine ingredients,Shot Glass,http://www.thecocktaildb.com/images/media/drink/2j1m881503563583.jpg
465,,Sidecar,Sidecar,Combine ingredients,Cocktail Glass,http://www.thecocktaildb.com/images/media/drink/stwxuq1439906852.jpg
466,,Sidecar Cocktail,Sidecar Cocktail,Combine ingredients,Cocktail Glass,http://www.thecocktaildb.com/images/media/drink/ewjxui1504820428.jpg
467,,Singapore Sling,Singapore Sling,Combine ingredients,Hurricane Glass,http://www.thecocktaildb.com/images/media/drink/tvtrrt1439906288.jpg
468,,Sloe Gin Cocktail,Sloe Gin Cocktail,Combine ingredients,Cocktail Glass,http://www.thecocktaildb.com/images/media/drink/d7mo481504889531.jpg
469,,Smut,Smut,Combine ingredients,Beer Mug,http://www.thecocktaildb.com/images/media/drink/rx8k8e1504365812.jpg
470,,Snake Bite (UK),Snake Bite (UK),Combine ingredients,Pint Glass,http://www.thecocktaildb.com/images/media/drink/xuwpyu1441248734.jpg
471,,Snakebite and Black,Snakebite and Black,Combine ingredients,Pint Glass,http://www.thecocktaildb.com/images/media/drink/rssvwv1441248863.jpg
472,,Snowball,Snowball,Combine ingredients,Highball Glass,http://www.thecocktaildb.com/images/media/drink/7ibfs61504735416.jpg
473,,Sol Y Sombra,Sol Y Sombra,Combine ingredients,Brandy Snifter,http://www.thecocktaildb.com/images/media/drink/3gz2vw1503425983.jpg
474,,Space Odyssey,Space Odyssey,Combine ingredients,Highball Glass,http://www.thecocktaildb.com/images/media/drink/vxtjbx1504817842.jpg
475,,Spanish chocolate,Spanish chocolate,Combine ingredients,Coffee Mug,http://www.thecocktaildb.com/images/media/drink/pra8vt1487603054.jpg
476,,Spiced Peach Punch,Spiced Peach Punch,Combine ingredients,Collins Glass,http://www.thecocktaildb.com/images/media/drink/qxvypq1468924331.jpg
477,,Spiking coffee,Spiking coffee,Combine ingredients,Coffee Mug,http://www.thecocktaildb.com/images/media/drink/isql6y1487602375.jpg
478,,Spritz,Spritz,Combine ingredients,Old-fashioned Glass,http://www.thecocktaildb.com/images/media/drink/j9evx11504373665.jpg
479,,Stinger,Stinger,Combine ingredients,Cocktail Glass,http://www.thecocktaildb.com/images/media/drink/2ahv791504352433.jpg
480,,Stone Sour,Stone Sour,Combine ingredients,Whiskey Sour Glass,http://www.thecocktaildb.com/images/media/drink/vruvtp1472719895.jpg
481,,Strawberry Daiquiri,Strawberry Daiquiri,Combine ingredients,Cocktail Glass,http://www.thecocktaildb.com/images/media/drink/deu59m1504736135.jpg
482,,Strawberry Lemonade,Strawberry Lemonade,Combine ingredients,Collins Glass,http://www.thecocktaildb.com/images/media/drink/spvvxp1468924425.jpg
483,,Strawberry Margarita,Strawberry Margarita,Combine ingredients,Cocktail Glass,http://www.thecocktaildb.com/images/media/drink/tqyrpw1439905311.jpg
484,,Strawberry Shivers,Strawberry Shivers,Combine ingredients,Highball Glass,http://www.thecocktaildb.com/images/media/drink/9h1vvt1487603404.jpg
485,,Sunny Holiday Punch,Sunny Holiday Punch,Combine ingredients,Punch Bowl,http://www.thecocktaildb.com/images/media/drink/rywtwy1468924758.jpg
486,,Surf City Lifesaver,Surf City Lifesaver,Combine ingredients,Highball Glass,http://www.thecocktaildb.com/images/media/drink/2rzfer1487602699.jpg
487,,Swedish Coffee,Swedish Coffee,Combine ingredients,Coffee Mug,http://www.thecocktaildb.com/images/media/drink/ywtrvt1441246783.jpg
488,,Sweet Bananas,Sweet Bananas,Combine ingredients,Highball Glass,http://www.thecocktaildb.com/images/media/drink/sxpcj71487603345.jpg
489,,Sweet Sangria,Sweet Sangria,Combine ingredients,Pitcher,http://www.thecocktaildb.com/images/media/drink/uqqvsp1468924228.jpg
490,,Sweet Tooth,Sweet Tooth,Combine ingredients,Highball Glass,http://www.thecocktaildb.com/images/media/drink/j6rq6h1503563821.jpg
491,,Talos Coffee,Talos Coffee,Combine ingredients,Brandy Snifter,http://www.thecocktaildb.com/images/media/drink/rswqpy1441246518.jpg
492,,Tennesee Mud,Tennesee Mud,Combine ingredients,Coffee Mug,http://www.thecocktaildb.com/images/media/drink/txruqv1441245770.jpg
493,,Tequila Fizz,Tequila Fizz,Combine ingredients,Collins Glass,http://www.thecocktaildb.com/images/media/drink/2bcase1504889637.jpg
494,,Tequila Sour,Tequila Sour,Combine ingredients,Whiskey Sour Glass,http://www.thecocktaildb.com/images/media/drink/ek0mlq1504820601.jpg
495,,Tequila Sunrise,Tequila Sunrise,Combine ingredients,Highball Glass,http://www.thecocktaildb.com/images/media/drink/quqyqp1480879103.jpg
496,,Tequila Surprise,Tequila Surprise,Combine ingredients,Shot Glass,http://www.thecocktaildb.com/images/media/drink/8189p51504735581.jpg
497,,Texas Rattlesnake,Texas Rattlesnake,Combine ingredients,Highball Glass,http://www.thecocktaildb.com/images/media/drink/rtohqp1504889750.jpg
498,,Texas Sling,Texas Sling,Combine ingredients,Wine Glass,http://www.thecocktaildb.com/images/media/drink/ypl13s1504890158.jpg
499,,Thai Coffee,Thai Coffee,Combine ingredients,Highball Glass,http://www.thecocktaildb.com/images/media/drink/wquwxs1441247025.jpg
500,,Thai Iced Coffee,Thai Iced Coffee,Combine ingredients,Highball Glass,http://www.thecocktaildb.com/images/media/drink/rqpypv1441245650.jpg
501,,Thai Iced Tea,Thai Iced Tea,Combine ingredients,Highball Glass,http://www.thecocktaildb.com/images/media/drink/trvwpu1441245568.jpg
502,,The Evil Blue Thing,The Evil Blue Thing,Combine ingredients,Old-fashioned Glass,http://www.thecocktaildb.com/images/media/drink/ojnpz71504793059.jpg
503,,Thriller,Thriller,Combine ingredients,Cocktail Glass,http://www.thecocktaildb.com/images/media/drink/rvuswq1461867714.jpg
504,,Tia-Maria,Tia-Maria,Combine ingredients,Collins Glass,http://www.thecocktaildb.com/images/media/drink/sih81u1504367097.jpg
505,,Tom Collins,Tom Collins,Combine ingredients,Collins Glass,http://www.thecocktaildb.com/images/media/drink/qystvv1439907682.jpg
506,,Tomato Tang,Tomato Tang,Combine ingredients,Highball Glass,http://www.thecocktaildb.com/images/media/drink/869qr81487603278.jpg
507,,Tommy's Margarita,Tommy's Margarita,Combine ingredients,Old-fashioned Glass,http://www.thecocktaildb.com/images/media/drink/loezxn1504373874.jpg
508,,Turf Cocktail,Turf Cocktail,Combine ingredients,Cocktail Glass,http://www.thecocktaildb.com/images/media/drink/utypqq1441554367.jpg
509,,Turkeyball,Turkeyball,Combine ingredients,Shot Glass,http://www.thecocktaildb.com/images/media/drink/rxurpr1441554292.jpg
510,,Tuxedo Cocktail,Tuxedo Cocktail,Combine ingredients,Cocktail Glass,http://www.thecocktaildb.com/images/media/drink/4u0nbl1504352551.jpg
511,,Valencia Cocktail,Valencia Cocktail,Combine ingredients,Cocktail Glass,http://www.thecocktaildb.com/images/media/drink/9myuc11492975640.jpg
512,,Vampiro,Vampiro,Combine ingredients,Old-fashioned Glass,http://www.thecocktaildb.com/images/media/drink/yfhn371504374246.jpg
513,,Van Vleet,Van Vleet,Combine ingredients,Old-fashioned Glass,http://www.thecocktaildb.com/images/media/drink/fgq2bl1492975771.jpg
514,,Vermouth Cassis,Vermouth Cassis,Combine ingredients,Highball Glass,http://www.thecocktaildb.com/images/media/drink/tswpxx1441554674.jpg
515,,Vesper,Vesper,Combine ingredients,Cocktail Glass,http://www.thecocktaildb.com/images/media/drink/mtdxpa1504374514.jpg
516,,Vesuvio,Vesuvio,Combine ingredients,Old-fashioned Glass,http://www.thecocktaildb.com/images/media/drink/26cq601492976203.jpg
517,,Veteran,Veteran,Combine ingredients,Old-fashioned Glass,http://www.thecocktaildb.com/images/media/drink/iwml9t1492976255.jpg
518,,Victor,Victor,Combine ingredients,Cocktail Glass,http://www.thecocktaildb.com/images/media/drink/voapgc1492976416.jpg
519,,Victory Collins,Victory Collins,Combine ingredients,Collins Glass,http://www.thecocktaildb.com/images/media/drink/lx0lvs1492976619.jpg
520,,Vodka And Tonic,Vodka And Tonic,Combine ingredients,Highball Glass,http://www.thecocktaildb.com/images/media/drink/lmj2yt1504820500.jpg
521,,Vodka Fizz,Vodka Fizz,Combine ingredients,White Wine Glass,http://www.thecocktaildb.com/images/media/drink/xwxyux1441254243.jpg
522,,Vodka Martini,Vodka Martini,Combine ingredients,Cocktail Glass,http://www.thecocktaildb.com/images/media/drink/qyxrqw1439906528.jpg
523,,Vodka Russian,Vodka Russian,Combine ingredients,Collins Glass,http://www.thecocktaildb.com/images/media/drink/rpttur1454515129.jpg
524,,Waikiki Beachcomber,Waikiki Beachcomber,Combine ingredients,Cocktail Glass,http://www.thecocktaildb.com/images/media/drink/ysuqus1441208583.jpg
525,,Whiskey Sour,Whiskey Sour,Combine ingredients,Old-fashioned Glass,http://www.thecocktaildb.com/images/media/drink/o56h041504352725.jpg
526,,Whisky Mac,Whisky Mac,Combine ingredients,Collins Glass,http://www.thecocktaildb.com/images/media/drink/yvvwys1461867858.jpg
527,,White Lady,White Lady,Combine ingredients,Cocktail Glass,http://www.thecocktaildb.com/images/media/drink/jofsaz1504352991.jpg
528,,White Russian,White Russian,Combine ingredients,Old-fashioned Glass,http://www.thecocktaildb.com/images/media/drink/vsrupw1472405732.jpg
529,,Whitecap Margarita,Whitecap Margarita,Combine ingredients,Margarita/coupette Glass,http://www.thecocktaildb.com/images/media/drink/srpxxp1441209622.jpg
530,,Wine Cooler,Wine Cooler,Combine ingredients,Collins Glass,http://www.thecocktaildb.com/images/media/drink/yutxtv1473344210.jpg
531,,Wine Punch,Wine Punch,Combine ingredients,Collins Glass,http://www.thecocktaildb.com/images/media/drink/txustu1473344310.jpg
532,,Yellow Bird,Yellow Bird,Combine ingredients,Cocktail Glass,http://www.thecocktaildb.com/images/media/drink/2t9r6w1504374811.jpg
533,,Yoghurt Cooler,Yoghurt Cooler,Combine ingredients,Highball Glass,http://www.thecocktaildb.com/images/media/drink/trttrv1441254466.jpg
534,,Zambeer,Zambeer,Combine ingredients,Collins Glass,http://www.thecocktaildb.com/images/media/drink/bje5401485619578.jpg
535,,Zenmeister,Zenmeister,Combine ingredients,Collins Glass,http://www.thecocktaildb.com/images/media/drink/qyuvsu1479209462.jpg
536,,Ziemes Martini Apfelsaft,Ziemes Martini Apfelsaft,Combine ingredients,Collins Glass,http://www.thecocktaildb.com/images/media/drink/xnzr2p1485619687.jpg
537,,Zima Blaster,Zima Blaster,Combine ingredients,Hurricane Glass,http://www.thecocktaildb.com/images/media/drink/1wifuv1485619797.jpg
538,,Zimadori Zinger,Zimadori Zinger,Combine ingredients,Collins Glass,http://www.thecocktaildb.com/images/media/drink/bw8gzx1485619920.jpg
539,,Zinger,Zinger,Combine ingredients,Highball Glass,http://www.thecocktaildb.com/images/media/drink/iixv4l1485620014.jpg
540,,Zipperhead,Zipperhead,Combine ingredients,Whiskey Sour Glass,http://www.thecocktaildb.com/images/media/drink/r2qzhu1485620235.jpg
541,,Zippy's Revenge,Zippy's Revenge,Combine ingredients,Old-fashioned Glass,http://www.thecocktaildb.com/images/media/drink/1sqm7n1485620312.jpg
542,,Zizi Coin-coin,Zizi Coin-coin,Combine ingredients,Margarita/coupette Glass,http://www.thecocktaildb.com/images/media/drink/0fbo2t1485620752.jpg
543,,Zoksel,Zoksel,Combine ingredients,Beer Pilsner,http://www.thecocktaildb.com/images/media/drink/ft8ed01485620930.jpg
544,,Zorbatini,Zorbatini,Combine ingredients,Cocktail Glass,http://www.thecocktaildb.com/images/media/drink/wtkqgb1485621155.jpg
545,,Zorro,Zorro,Combine ingredients,Coffee Mug,http://www.thecocktaildb.com/images/media/drink/kvvd4z1485621283.jpg
