,recipe_name,ingredient_name,quantity,unit
0,'57 Chevy With A White License Plate,Creme De Cacao,1 oz white ,
1,1-900-fuk-meup,Absolut Kurant,1/2 oz ,
2,110 In The Shade,Lager,16 oz ,
3,151 Florida Bushwacker,Malibu Rum,1/2 oz ,
4,155 Belmont,Dark Rum,1 shot ,
5,24k Nightmare,Goldschlager,1/2 oz ,
6,252,151 Proof Rum,1/2 shot Bacardi ,
7,3 Wise Men,Jack Daniels,1/3 oz ,
8,3-mile Long Island Iced Tea,Gin,1/2 oz ,
9,410 Gone,Peach Vodka,2-3 oz,
10,50/50,Vanilla Vodka,2 1/2 oz ,
11,501 Blue,Blue Curacao,"
",
12,69 Special,Gin,2 oz dry ,
13,747,Kahlua,1/3 part ,
14,9 1/2 Weeks,Absolut Citron,2 oz ,
15,A Day At The Beach,Coconut Rum,1 oz ,
16,A Furlong Too Late,Light Rum,2 oz ,
17,A Gilligan's Island,Vodka,1 oz ,
18,A Night In Old Mandalay,Light Rum,1 oz ,
19,A Piece Of Ass,Amaretto,1 shot ,
20,A Splash Of Nash,Cranberry Juice,2 oz ,
21,A True Amaretto Sour,Amaretto,1 jigger ,
22,A Midsummernight Dream,Vodka,2 oz ,
23,A. J.,Applejack,1 1/2 oz ,
24,A.d.m. (after Dinner Mint),White Creme De Menthe,1/2 oz ,
25,A1,Gin,1 3/4 shot ,
26,Abc,Amaretto,1/3 ,
27,Acid,151 Proof Rum,1 oz Bacardi ,
28,At&t,Absolut Vodka,1 oz ,
29,Abbey Cocktail,Gin,1 1/2 oz ,
30,Abbey Martini,Gin,2 shots ,
31,Abilene,Dark Rum,1 1/2 oz ,
32,Absinthe #2,Vodka,1 bottle ,
33,Absolut Evergreen,Absolut Citron,2/3 part ,
34,Absolut Sex,Absolut Kurant,3/4 oz ,
35,Absolut Stress #2,Absolut Vodka,1 1/2 oz ,
36,Absolut Summertime,Absolut Citron,1 1/2 oz ,
37,Absolut Limousine,Absolut Citron,2/3 ,
38,Absolutely Cranberry Smash,Absolut Vodka,2 oz ,
39,Absolutely Fabulous,Vodka,1 shot ,
40,Absolutly Screwed Up,Absolut Citron,1 shot ,
41,Acapulco,Light Rum,1 1/2 oz ,
42,Ace,Gin,2 shots ,
43,Adam,Dark Rum,2 oz ,
44,Adam & Eve,Gin,1 shot ,
45,Adam Bomb,Rum,1 part ,
46,Adam Sunrise,Vodka,1/2 ,
47,Addington,Sweet Vermouth,2 shots ,
48,Addison,Gin,1 1/2 shot ,
49,Addison Special,Vodka,1 shot ,
50,Adios Amigos Cocktail,Rum,1 shot ,
51,Adonis Cocktail,Sweet Vermouth,3/4 oz ,
52,Affair,Strawberry Schnapps,2 oz ,
53,Affinity,Scotch,1 1/2 oz ,
54,After Dinner Cocktail,Apricot Brandy,1 oz ,
55,After Five,Peppermint Schnapps,"
",
56,After Supper Cocktail,Triple Sec,1 oz ,
57,After Sex,Vodka,2 cl ,
58,Afterglow,Grenadine,1 part ,
59,Afternoon,Kahlua,1 cl ,
60,Alabama Slammer,Southern Comfort,1 oz ,
61,Alaska Cocktail,Orange Bitters,2 dashes ,
62,Alexander,Gin,1/2 oz ,
63,Alfie Cocktail,Lemon Vodka,1 1/2 oz ,
64,Algonquin,Blended Whiskey,1 1/2 oz ,
65,Alice Cocktail,Grenadine,1 cl ,
66,Alice In Wonderland,Amaretto,1 shot ,
67,Allegheny,Dry Vermouth,1 oz ,
68,Allies Cocktail,Dry Vermouth,1 oz ,
69,Almeria,Dark Rum,2 oz ,
70,Almond Chocolate Coffee,Amaretto,3/4 oz ,
71,Almond Joy,Amaretto,1/2 oz ,
72,Aloha Fruit Punch,Water,3/4 cup ,
73,Amaretto And Cream,Amaretto,1 1/2 oz ,
74,Amaretto Liqueur,Sugar,1 cup,
75,Amaretto Mist,Amaretto,1 1/2 oz ,
76,Amaretto Rose,Amaretto,1 1/2 oz ,
77,Amaretto Shake,Chocolate Ice-cream,2 scoops ,
78,Amaretto Sour,Amaretto,1 1/2 oz ,
79,Amaretto Stinger,Amaretto,1 1/2 oz ,
80,Amaretto Stone Sour,Amaretto,1 part ,
81,Amaretto Stone Sour #3,Sour Mix,2 oz ,
82,Amaretto Sunrise,Amaretto,1 cl ,
83,Amaretto Sunset,Triple Sec,1/2 jigger ,
84,Amaretto Sweet & Sour,Amaretto,"
",
85,Amaretto Tea,Tea,6 oz hot ,
86,Americano,Campari,1 oz ,
87,Angel Face,Apricot Brandy,1/2 oz ,
88,Angelica Liqueur,Angelica Root,3 tblsp chopped,
89,Apello,Orange Juice,4 cl ,
90,Apple Berry Smoothie,Berries,1 cup ,
91,Apple Cider Punch #1,Apple Cider,4 qt ,
92,Apple Grande,Tequila,3 oz ,
93,Apple Karate,Apple Juice,2 cups ,
94,Apple Pie With A Crust,Apple Juice,3 parts ,
95,Apple Slammer,7-up,1 part ,
96,Applecar,Applejack,1 oz ,
97,Applejack,Jack Daniels,1 oz ,
98,Apricot Lady,Light Rum,1 1/2 oz ,
99,Apricot Punch,Apricot Brandy,1 qt ,
100,Archbishop,Gin,2 oz ,
101,Arctic Fish,Vodka,1/3 part ,
102,Arctic Mouthwash,Maui,5 oz blue ,
103,Arise My Love,Champagne,Chilled ,
104,Arizona Antifreeze,Vodka,1/3 oz ,
105,Arizona Stingers,Absolut Vodka,2 shots ,
106,Arizona Twister,Vodka,1 shot ,
107,Army Special,Vodka,30 ml ,
108,Arthur Tompkins,Gin,2 oz ,
109,Artillery,Sweet Vermouth,1 1/2 tsp ,
110,Artillery Punch,Tea,1 quart black ,
111,Atlantic Sun,Vodka,2 cl Smirnoff ,
112,Atomic Lokade,Lemonade,5 oz ,
113,Auburn Headbanger,Jägermeister,1 oz ,
114,Autodafé,Vodka,4 cl ,
115,Avalanche,Crown Royal,1 shot ,
116,Avalon,Vodka,3 parts,
117,Aviation,Gin,4.5 cl,
118,Aztec Punch,Lemonade,1 can ,
119,B-52,Bailey's Irish Cream,1/3 ,
120,B-53,Kahlua,1/3 shot ,
121,Baby Eskimo,Kahlua,2 oz ,
122,Baby Guinness,Kahlua,2 1/2 oz ,
123,Bacardi Cocktail,Light Rum,1 3/4 oz Bacardi ,
124,Bailey's Dream Shake,Bailey's Irish Cream,2 oz ,
125,Balmoral,Scotch,1 1/2 oz ,
126,Banana Cantaloupe Smoothie,Cantaloupe,Juice of 1/2 ,
127,Banana Daiquiri,Light Rum,1 1/2 oz ,
128,Banana Milk Shake,Milk,10 cl cold ,
129,Banana Strawberry Shake,Strawberries,1/2 lb frozen ,
130,Banana Strawberry Shake Daiquiri-type,Strawberries,1/2 lb frozen ,
131,Barracuda,Rum,4.5 cl,
132,Belgian Blue,Vodka,2 cl ,
133,Bellini,Champagne,6 oz ,
134,Bellini Martini,Ice,8 cubes ,
135,Bermuda Highball,Brandy,3/4 oz ,
136,Berry Deadly,Everclear,2 pint ,
137,Between The Sheets,Brandy,1 oz ,
138,Bible Belt,Southern Comfort,2 oz ,
139,Big Red,Irish Cream,1/2 oz ,
140,Black & Tan,Ale,1 part Bass pale ,
141,Black Forest Shake,Ice," cubes
",
142,Black Russian,Coffee Liqueur,3/4 oz ,
143,Black And Brown,Guinness Stout,1/2 ,
144,Blackthorn,Sweet Vermouth,1 oz ,
145,Bleeding Surgeon,Dark Rum,1 shot ,
146,Blind Russian,Bailey's Irish Cream,3/4 oz ,
147,Bloody Maria,Tequila,1 oz ,
148,Bloody Mary,Vodka,1 1/2 oz ,
149,Blue Lagoon,Vodka,1 oz ,
150,Blue Margarita,Tequila,1 1/2 oz ,
151,Blue Mountain,Añejo Rum,1 1/2 oz ,
152,Bluebird,Gin,1 1/2 oz ,
153,Bob Marley,Midori Melon Liqueur,1/2 oz ,
154,Bobby Burns Cocktail,Sweet Vermouth,1 1/2 oz ,
155,Boomerang,Gin,2 oz ,
156,Boozy Snickers Milkshake,Vanilla Ice-cream,3 cups ,
157,Bora Bora,Pineapple Juice,10 cl ,
158,Boston Sidecar,Light Rum,3/4 oz ,
159,Boston Sour,Blended Whiskey,2 oz ,
160,Bourbon Sling,Sugar,1 tsp superfine ,
161,Bourbon Sour,Bourbon,2 oz ,
162,Boxcar,Gin,1 1/2 oz ,
163,Brain Fart,Everclear,1 fifth ,
164,Brainteaser,Sambuca,30 ml white ,
165,Bramble,Gin,4 cl,
166,Brandon And Will's Coke Float,Vanilla Ice-cream,2 scoops ,
167,Brandy Alexander,Brandy,1 oz ,
168,Brandy Cobbler,Sugar,1 tsp superfine ,
169,Brandy Flip,Brandy,2 oz ,
170,Brandy Sour,Brandy,2 oz ,
171,Brave Bull Shooter,Tequila,1/2 oz ,
172,Bruce's Puce,Grenadine,"
",
173,Bruised Heart,Vodka,1/2 oz ,
174,Bubble Gum,Vodka,1/4 ,
175,Buccaneer,Corona,1 ,
176,Bumble Bee #1,Bailey's Irish Cream,1/3 oz ,
177,Butter Baby,Vanilla Ice-cream,2 scoops ,
178,Cafe Savoy,Coffee,"
",
179,Caipirinha,Sugar,2 tsp,
180,Caipirissima,Lime,2 ,
181,California Lemonade,Blended Whiskey,2 oz ,
182,California Root Beer,Kahlua,3/4 oz ,
183,Campari Beer,Lager,1 bottle ,
184,Caribbean Boilermaker,Corona,1 bottle ,
185,Caribbean Orange Liqueur,Orange,3 large ,
186,Casino,Gin,2 oz ,
187,Casino Royale,Gin,2 oz ,
188,Castillian Hot Chocolate,Cocoa Powder,1/2 cup ,
189,Champagne Cocktail,Champagne,Chilled ,
190,Cherry Electric Lemonade,Gin,1 oz,
191,Cherry Rum,Light Rum,1 1/4 oz ,
192,Chicago Fizz,Light Rum,1 oz ,
193,Chocolate Beverage,Milk,6 cups ,
194,Chocolate Black Russian,Kahlua,1 oz ,
195,Chocolate Drink,Chocolate,125 gr,
196,Chocolate Milk,Chocolate Liqueur,1/2 shot ,
197,Chocolate Monkey,Banana Liqueur,1 shot ,
198,Citrus Coke,Bacardi Limon,1 part ,
199,City Slicker,Brandy,2 oz ,
200,Classic Old-fashioned,Bitters,3 dashes ,
201,Clove Cocktail,Sweet Vermouth,1 oz ,
202,Clover Club,Gin,1 1/2 oz ,
203,Coffee Liqueur,Coffee,10 tblsp instant ,
204,Coffee-vodka,Water,2 cups ,
205,Coke And Drops,Coca-cola,1 dl ,
206,Cosmopolitan,Absolut Citron,1 1/4 oz ,
207,Cosmopolitan Martini,Cointreau,1/2 oz ,
208,Cranberry Cordial,Cranberries,1/2 kg chopped ,
209,Cranberry Punch,Cranberry Juice,4 cups ,
210,Cream Soda,Spiced Rum,1 oz ,
211,Creme De Menthe,Sugar,8 cups ,
212,Cuba Libra,Dark Rum,1-2 shot ,
213,Cuba Libre,Light Rum,2 oz ,
214,Daiquiri,Light Rum,1 1/2 oz ,
215,Damned If You Do,Whiskey,0.75 oz ,
216,Danbooka,Coffee,3 parts ,
217,Dark Caipirinha,Demerara Sugar,2 tsp ,
218,Dark And Stormy,Dark Rum,5 cl,
219,Darkwood Sling,Cherry Heering,1 part ,
220,Derby,Gin,6 cl,
221,Diesel,Lager,1/2 pint ,
222,Dirty Martini,Vodka,70ml/2fl oz,
223,Dirty Nipple,Kahlua,"
",
224,Downshift,Fruit Punch,2 part ,
225,Dragonfly,Gin,1 1/2 oz ,
226,Drinking Chocolate,Heavy Cream,2 oz ,
227,Dry Rob Roy,Scotch,2 1/2 oz ,
228,Dubonnet Cocktail,Dubonnet Rouge,1 1/2 oz ,
229,Duchamp's Punch,Pisco,5 cl,
230,Egg Cream,Chocolate Syrup,2 tblsp ,
231,Egg Nog #4,Egg Yolk,6 ,
232,Egg Nog - Healthy,Egg,1/2 cup ,
233,Egg-nog - Classic Cooked,Egg,6 ,
234,English Highball,Brandy,3/4 oz ,
235,English Rose Cocktail,Apricot Brandy,3/4 oz ,
236,Espresso Martini,Vodka,5 cl,
237,Fahrenheit 5000,Firewater,1/2 oz ,
238,Flaming Dr. Pepper,Amaretto,1 oz ,
239,Flaming Lamborghini,Kahlua,1 oz ,
240,Flander's Flake-out,Sambuca,1/4 glass ,
241,Flying Dutchman,Gin,2 oz ,
242,Flying Scotchman,Scotch,1 oz ,
243,Foxy Lady,Amaretto,1/2 oz ,
244,Frappé,Coffee,1/2 cup black ,
245,Freddy Kruger,Jägermeister,1/2 oz ,
246,"French ""75""",Gin,1 1/2 oz ,
247,French 75,Gin,1 1/2 oz ,
248,French Connection,Cognac,1 1/2 oz ,
249,French Martini,Vodka,4.5 cl,
250,Frisco Sour,Blended Whiskey,2 oz ,
251,Frozen Daiquiri,Light Rum,1 1/2 oz ,
252,Frozen Mint Daiquiri,Light Rum,2 oz ,
253,Frozen Pineapple Daiquiri,Light Rum,1 1/2 oz ,
254,Fruit Cooler,Apple Juice,1 can frozen ,
255,Fruit Flip-flop,Yoghurt,1 cup ,
256,Fruit Shake,Yoghurt,1 cup fruit ,
257,Fuzzy Asshole,Coffee,1/2 ,
258,Gg,Galliano,2 1/2 shots ,
259,Gagliardo,Peach Vodka,5 parts ,
260,Gentleman's Club,Gin,1 1/2 oz ,
261,Gideon's Green Dinosaur,Dark Rum,1/2 oz ,
262,Gin And Tonic,Gin,2 oz ,
263,Gin Cooler,Gin,2 oz ,
264,Gin Daisy,Gin,2 oz ,
265,Gin Fizz,Gin,2 oz ,
266,Gin Rickey,Gin,2 oz ,
267,Gin Sling,Gin,2 oz ,
268,Gin Smash,Gin,2 oz ,
269,Gin Sour,Gin,2 oz ,
270,Gin Squirt,Gin,1 1/2 oz ,
271,Gin Swizzle,Lime Juice,1 1/2 oz ,
272,Gin Toddy,Gin,2 oz ,
273,Girl From Ipanema,Cachaca,25 ml,
274,Gluehwein,Red Wine,1 L ,
275,Godchild,Vodka,1 oz ,
276,Godfather,Scotch,1 1/2 oz ,
277,Godmother,Vodka,1 1/2 oz ,
278,Golden Dream,Galliano,2 parts,
279,Grand Blue,Malibu Rum,1 1/2 cl ,
280,Grape Lemon Pineapple Smoothie,Grapes,1 cup ,
281,Grass Skirt,Gin,1 1/2 oz ,
282,Grasshopper,Green Creme De Menthe,3/4 oz ,
283,Green Goblin,Cider,1/2 pint hard ,
284,Grim Reaper,Kahlua,1 oz ,
285,Grizzly Bear,Amaretto,1 part ,
286,H.d.,Whisky,4 cl ,
287,Happy Skipper,Spiced Rum,1 1/2 cl ,
288,Harvey Wallbanger,Vodka,1 oz ,
289,Havana Cocktail,Light Rum,1 oz ,
290,Hawaiian Cocktail,Gin,2 oz ,
291,Hemingway Special,Rum,12 parts,
292,Herbal Flame,Hot Damn,5 shots ,
293,Highland Fling Cocktail,Scotch,1 1/2 oz ,
294,Holloween Punch,Grape Juice,"
",
295,Homemade Kahlua,Sugar,2 1/2 cups ,
296,Horse's Neck,Lemon Peel,1 long strip ,
297,Hot Chocolate To Die For,Chocolate,12 oz fine ,
298,Hot Creamy Bush,Irish Whiskey,1 shot ,
299,Ice Pick #1,Vodka,1 1/2 oz ,
300,Iced Coffee,Coffee,1/4 cup instant ,
301,Iced Coffee Fillip,Kahlua,2 tsp ,
302,Imperial Cocktail,Lime Juice,4 cl ,
303,Imperial Fizz,Light Rum,1/2 oz ,
304,Ipamena,Lime,½,
305,Irish Coffee,Irish Whiskey,1 1/2 oz ,
306,Irish Cream,Scotch,1 cup ,
307,Irish Curdling Cow,Bailey's Irish Cream,3/4 oz ,
308,Irish Russian,Vodka,1 shot ,
309,Irish Spring,Irish Whiskey,1 oz ,
310,Jack Rose Cocktail,Apple Brandy,1 1/2 oz ,
311,Jack's Vanilla Coke,Ice,4-5 ,
312,Jackhammer,Jack Daniels,1 oz ,
313,Jam Donut,Baileys Irish Cream,2/3 oz,
314,Jamaica Kiss,Coffee Liqueur,1 shot ,
315,Jamaican Coffee,Rum,1/6 glass ,
316,Japanese Fizz,Blended Whiskey,1 1/2 oz ,
317,Jello Shots,Vodka,2 cups ,
318,Jelly Bean,Blackberry Brandy,1 oz ,
319,Jewel Of The Nile,Gin,1 1/2 oz ,
320,Jitterbug,Gin,2 jiggers ,
321,John Collins,Bourbon,2 oz ,
322,Just A Moonmint,Milk,2 cups ,
323,Kamikaze,Vodka,1 oz ,
324,Karsk,Coffee,1 part ,
325,Kentucky B And B,Bourbon,2 oz ,
326,Kentucky Colonel,Bourbon,3 oz ,
327,Kill The Cold Smoothie,Ginger,1 inch ,
328,Kioki Coffee,Kahlua,1 oz ,
329,Kir,Creme De Cassis,1 part ,
330,Kir Royale,Creme De Cassis,1 part ,
331,Kiss Me Quick,Cranberry Vodka,4 cl ,
332,Kiwi Lemon,Kiwi Liqueur,1 part ,
333,Kiwi Papaya Smoothie,Kiwi,3 ,
334,Kool First Aid,151 Proof Rum,2 oz light ,
335,Kool-aid Shot,Vodka,1 shot ,
336,Kool-aid Slammer,Kool-aid,1/2 oz Grape ,
337,Kurant Tea,Absolut Kurant,4 cl ,
338,Lady Love Fizz,Gin,2 oz ,
339,Lassi - A South Indian Drink,Yoghurt,1/2 cup plain ,
340,Lassi - Mango,Mango,2 ,
341,Lassi - Sweet,Yoghurt,1 cup ,
342,Lassi Khara,Yoghurt,1 cup ,
343,Lassi Raita,Yoghurt,2 cups ,
344,Lemon Drop,Absolut Vodka,1 1/2 shot ,
345,Lemon Shot,Galliano,1/2 oz ,
346,Lemouroudji,Ginger,2 pieces ,
347,Limeade,Lime,Juice of 1 ,
348,Limona Corona,Corona,1 bottle ,
349,Loch Lomond,Scotch,2 oz ,
350,London Town,Gin,1 1/2 oz ,
351,Lone Tree Cocktail,Sweet Vermouth,3/4 oz ,
352,Lone Tree Cooler,Carbonated Water,"
",
353,Long Island Iced Tea,Vodka,1/2 oz ,
354,Long Island Tea,Vodka,1/2 oz ,
355,Long Vodka,Vodka,5 cl ,
356,Lord And Lady,Dark Rum,1 1/2 oz ,
357,Lunch Box,Beer,3/4 bottle ,
358,Mai Tai,Light Rum,1 oz ,
359,Malibu Twister,Malibu Rum,2 parts ,
360,Mango Orange Smoothie,Mango,1 ,
361,Manhattan,Sweet Vermouth,3/4 oz ,
362,Margarita,Tequila,1 1/2 oz ,
363,Martinez Cocktail,Gin,1 oz ,
364,Martini,Gin,1 2/3 oz ,
365,Mary Pickford,Light Rum,1 1/2 oz ,
366,Masala Chai,Water,2 cups ,
367,Melya,Espresso,"
",
368,Miami Vice,151 Proof Rum,5 oz Bacardi ,
369,Microwave Hot Cocoa,Sugar,5 tblsp ,
370,Midnight Cowboy,Bourbon,2 oz ,
371,Midnight Manx,Kahlua,1 oz ,
372,Midnight Mint,Bailey's Irish Cream,1 oz ,
373,Mimosa,Champagne,Chilled ,
374,Mississippi Planters Punch,Brandy,1 oz ,
375,Mocha-berry,Coffee,6 oz ,
376,Mojito,Light Rum,2-3 oz ,
377,Mojito #3,Mint,1/2 handful ,
378,Monkey Gland,Gin,2 oz ,
379,Monkey Wrench,Light Rum,1 1/2 oz ,
380,Moranguito,Absinthe,2/5 ,
381,Moscow Mule,Vodka,2 oz ,
382,Mother's Milk,Goldschlager,1 oz ,
383,Mudslinger,Southern Comfort,750 ml ,
384,Mulled Wine,Water,3 cups ,
385,National Aquarium,Rum,1/2 oz ,
386,Negroni,Gin,1 oz ,
387,New York Lemonade,Absolut Citron,2 oz ,
388,New York Sour,Blended Whiskey,2 oz ,
389,Nuked Hot Chocolate,Cocoa Powder,2 tsp ,
390,Nutty Irishman,Bailey's Irish Cream,1 part ,
391,Old Fashioned,Bourbon,4.5 cL,
392,Orange Crush,Vodka,1 oz ,
393,Orange Oasis,Cherry Brandy,1/2 oz ,
394,Orange Push-up,Spiced Rum,1.5 oz ,
395,Orange Scented Hot Chocolate,Milk,2 cups ,
396,Orange Whip,Orange Juice,4 oz ,
397,Orangeade,Lemon Juice,5 cl ,
398,Oreo Mudslide,Vodka,1 oz ,
399,Orgasm,Creme De Cacao,1/2 oz white ,
400,Owen's Grandmother's Revenge,Whiskey,12 oz ,
401,Paradise,Gin,7 parts,
402,Pina Colada,Light Rum,3 oz ,
403,Pineapple Gingerale Smoothie,Ginger,1/4 inch ,
404,Pink Gin,Bitters,3 dashes ,
405,Pink Lady,Gin,1 1/2 oz ,
406,Pink Panty Pulldowns,Sprite,1 L ,
407,Pink Penocha,Everclear,750 ml ,
408,Pisco Sour,Pisco,2 oz ,
409,Planter's Punch,Dark Rum,1 part ,
410,Popped Cherry,Vodka,2 oz ,
411,Poppy Cocktail,Gin,1 1/2 oz ,
412,Port And Starboard,Grenadine,1 tblsp ,
413,Port Wine Cocktail,Port,2 1/2 oz ,
414,Port Wine Flip,Port,1 1/2 oz ,
415,Porto Flip,Brandy,3 parts,
416,Pysch Vitamin Light,Orange Juice,1 part ,
417,Quaker's Cocktail,Light Rum,3/4 oz ,
418,Quarter Deck Cocktail,Light Rum,1 1/2 ,
419,Queen Bee,Coffee Brandy,1 oz ,
420,Queen Charlotte,Red Wine,2 oz ,
421,Queen Elizabeth,Dry Vermouth,1/2 oz ,
422,Quentin,Dark Rum,1 1/2 oz ,
423,Quick F**k,Kahlua,1 part ,
424,Quick-sand,Black Sambuca,25 ml ,
425,Radioactive Long Island Iced Tea,Rum,1 oz ,
426,Radler,Beer,12 oz ,
427,Rail Splitter,Sugar Syrup,2 tsp ,
428,Raspberry Cooler,Raspberry Vodka,2 oz ,
429,Red Snapper,Crown Royal,1 shot ,
430,Rose,Dry Vermouth,1/2 oz ,
431,Royal Bitch,Frangelico,1 part ,
432,Royal Fizz,Gin,1 oz ,
433,Royal Flush,Crown Royal,1 1/2 oz ,
434,Royal Gin Fizz,Gin,2 oz ,
435,Ruby Tuesday,Gin,2 oz ,
436,Rum Cobbler,Sugar,1 tsp superfine ,
437,Rum Cooler,Rum,2 oz light or dark ,
438,Rum Milk Punch,Light Rum,2 oz ,
439,Rum Old-fashioned,Light Rum,1 1/2 oz ,
440,Rum Punch,Rum,mikey bottle ,
441,Rum Runner,Malibu Rum,1 1/2 oz ,
442,Rum Screwdriver,Light Rum,1 1/2 oz ,
443,Rum Sour,Light Rum,2 oz ,
444,Rum Toddy,Rum,2 oz light or dark ,
445,Russian Spring Punch,Vodka,2.5 cl,
446,Rusty Nail,Scotch,1 1/2 oz ,
447,Salty Dog,Grapefruit Juice,5 oz ,
448,San Francisco,Vodka,2 cl ,
449,Sangria #1,Red Wine,1 bottle ,
450,Sangria - The World's Best,Red Wine,1 1/2 L ,
451,Sazerac,Ricard,1 tsp ,
452,Scooter,Brandy,1 oz ,
453,Scotch Cobbler,Scotch,2 oz ,
454,Scotch Sour,Scotch,1 1/2 oz ,
455,Scottish Highland Liqueur,Johnnie Walker,1 fifth ,
456,Screaming Orgasm,Vodka,1 oz ,
457,Screwdriver,Vodka,2 oz ,
458,Sea Breeze,Vodka,1 1/2 oz ,
459,Sex On The Beach,Vodka,1 oz ,
460,Shanghai Cocktail,Light Rum,1 oz Jamaican ,
461,Shark Attack,Lemonade,1 can ,
462,Sherry Eggnog,Sherry,2 oz cream ,
463,Sherry Flip,Sherry,1 1/2 oz cream ,
464,Shot-gun,Jim Beam,1 part ,
465,Sidecar,Cognac,2 oz ,
466,Sidecar Cocktail,Brandy,1 oz ,
467,Singapore Sling,Cherry Brandy,1/2 oz ,
468,Sloe Gin Cocktail,Sloe Gin,2 oz ,
469,Smut,Red Wine,1/3 part ,
470,Snake Bite (uk),Lager,1/2 pint ,
471,Snakebite And Black,Lager,1/2 pint ,
472,Snowball,Advocaat,1 1/2 oz ,
473,Sol Y Sombra,Brandy,1 1/2 oz ,
474,Space Odyssey,151 Proof Rum,1 shot Bacardi ,
475,Spanish Chocolate,Milk,2 cups ,
476,Spiced Peach Punch,Peach Nectar,46 oz ,
477,Spiking Coffee,Coffee,"
",
478,Spritz,Prosecco,6 cl,
479,Stinger,Brandy,1 1/2 oz ,
480,Stone Sour,Apricot Brandy,1 oz ,
481,Strawberry Daiquiri,Strawberry Schnapps,1/2 oz ,
482,Strawberry Lemonade,Lemon,Juice of 1 ,
483,Strawberry Margarita,Strawberry Schnapps,1/2 oz ,
484,Strawberry Shivers,Strawberries,1 1/2 cup ,
485,Sunny Holiday Punch,Pineapple Juice,46 oz chilled ,
486,Surf City Lifesaver,Ouzo,1 part ,
487,Swedish Coffee,Coffee,1 cup,
488,Sweet Bananas,Milk,2 cups ,
489,Sweet Sangria,Red Wine,2 bottles ,
490,Sweet Tooth,Godiva Liqueur,2 shots ,
491,Talos Coffee,Grand Marnier,3 parts ,
492,Tennesee Mud,Coffee,8 oz ,
493,Tequila Fizz,Tequila,2 oz ,
494,Tequila Sour,Tequila,2 oz ,
495,Tequila Sunrise,Tequila,2 measures ,
496,Tequila Surprise,Tequila,full glass ,
497,Texas Rattlesnake,Yukon Jack,1 part ,
498,Texas Sling,Kahlua,1/2 oz ,
499,Thai Coffee,Coffee,6 tblsp ground,
500,Thai Iced Coffee,Coffee,black,
501,Thai Iced Tea,Tea,1/4 cup Thai ,
502,The Evil Blue Thing,Creme De Cacao,1 1/2 oz ,
503,Thriller,Scotch,1 1/2 oz ,
504,Tia-maria,Water,1 cup ,
505,Tom Collins,Gin,2 oz ,
506,Tomato Tang,Tomato Juice,2 cups ,
507,Tommy's Margarita,Tequila,4.5 cl,
508,Turf Cocktail,Dry Vermouth,1 oz ,
509,Turkeyball,Wild Turkey,1 oz ,
510,Tuxedo Cocktail,Dry Vermouth,1 1/2 oz ,
511,Valencia Cocktail,Apricot Brandy,1 1/2 oz ,
512,Vampiro,Tequila,6 cl,
513,Van Vleet,Light Rum,3 oz ,
514,Vermouth Cassis,Dry Vermouth,1 1/2 oz ,
515,Vesper,Gin,6 cl,
516,Vesuvio,Light Rum,1 oz ,
517,Veteran,Dark Rum,2 oz ,
518,Victor,Gin,1 1/2 oz ,
519,Victory Collins,Vodka,1 1/2 oz ,
520,Vodka And Tonic,Vodka,2 oz ,
521,Vodka Fizz,Vodka,2 oz ,
522,Vodka Martini,Vodka,1 1/2 oz ,
523,Vodka Russian,Vodka,2 oz ,
524,Waikiki Beachcomber,Triple Sec,3/4 oz ,
525,Whiskey Sour,Blended Whiskey,2 oz ,
526,Whisky Mac,Scotch,1 1/2 oz ,
527,White Lady,Gin,4cl,
528,White Russian,Vodka,2 oz ,
529,Whitecap Margarita,Ice,1 cup ,
530,Wine Cooler,Red Wine,2 oz white or ,
531,Wine Punch,Red Wine,1 bottle ,
532,Yellow Bird,White Rum,3 cl,
533,Yoghurt Cooler,Yoghurt,1 cup ,
534,Zambeer,Sambuca,1 1/2 oz ,
535,Zenmeister,Jägermeister,1/2 oz ,
536,Ziemes Martini Apfelsaft,Vermouth,4 cl ,
537,Zima Blaster,Zima,12 oz ,
538,Zimadori Zinger,Midori Melon Liqueur,1.5 oz ,
539,Zinger,Peachtree Schnapps,4 shots ,
540,Zipperhead,Chambord Raspberry Liqueur,1 shot ,
541,Zippy's Revenge,Amaretto,2 oz ,
542,Zizi Coin-coin,Cointreau,5 cl ,
543,Zoksel,Beer,"
",
544,Zorbatini,Vodka,1 1/4 oz Stoli ,
545,Zorro,Sambuca,2 cl ,
546,'57 Chevy With A White License Plate,Vodka,1 oz ,
547,1-900-fuk-meup,Grand Marnier,1/4 oz ,
548,110 In The Shade,Tequila,1.5 oz ,
549,151 Florida Bushwacker,Light Rum,1/2 oz ,
550,155 Belmont,Light Rum,2 shots ,
551,24k Nightmare,Jägermeister,1/2 oz ,
552,252,Wild Turkey,1/2 shot ,
553,3 Wise Men,Johnnie Walker,1/3 oz ,
554,3-mile Long Island Iced Tea,Light Rum,1/2 oz ,
556,50/50,Grand Marnier,1 splash ,
557,501 Blue,Blueberry Schnapps,"
",
558,69 Special,7-up,4 oz ,
559,747,Bailey's Irish Cream,1/3 part ,
560,9 1/2 Weeks,Orange Curacao,1/2 oz ,
561,A Day At The Beach,Amaretto,1/2 oz ,
562,A Furlong Too Late,Ginger Beer,4 oz ,
563,A Gilligan's Island,Peach Schnapps,1 oz ,
564,A Night In Old Mandalay,Añejo Rum,1 oz ,
565,A Piece Of Ass,Southern Comfort,1 shot ,
566,A Splash Of Nash,Soda Water,2 oz ,
567,A True Amaretto Sour,Lemon,Juice of 1/2 ,
568,A Midsummernight Dream,Kirschwasser,1 oz ,
569,A. J.,Grapefruit Juice,1 oz ,
570,A.d.m. (after Dinner Mint),Southern Comfort,3/4 oz ,
571,A1,Grand Marnier,1 Shot ,
572,Abc,Bailey's Irish Cream,1/3 ,
573,Acid,Wild Turkey,1 oz ,
574,At&t,Gin,1 oz ,
575,Abbey Cocktail,Orange Bitters,1 dash ,
576,Abbey Martini,Sweet Vermouth,1 shot ,
577,Abilene,Peach Nectar,2 oz ,
578,Absinthe #2,Sugar,50 gr ,
579,Absolut Evergreen,Pisang Ambon,1/3 part ,
580,Absolut Sex,Midori Melon Liqueur,3/4 oz ,
581,Absolut Stress #2,Peach Schnapps,1/2 oz ,
582,Absolut Summertime,Sweet And Sour,3/4 oz ,
583,Absolut Limousine,Lime Juice,1/3 ,
584,Absolutely Cranberry Smash,Cranberry Juice,4 oz ,
585,Absolutely Fabulous,Cranberry Juice,2 shots ,
586,Absolutly Screwed Up,Orange Juice,1 shot ,
587,Acapulco,Triple Sec,1 1/2 tsp ,
588,Ace,Grenadine,1/2 shot ,
589,Adam,Lemon Juice,1 oz ,
590,Adam & Eve,Cognac,1 shot ,
591,Adam Bomb,Vodka,1 part ,
592,Adam Sunrise,Lemonade,1/2 can ,
593,Addington,Dry Vermouth,1 shot ,
594,Addison,Vermouth,1 1/2 shot ,
595,Addison Special,Grenadine,1 tblsp ,
596,Adios Amigos Cocktail,Dry Vermouth,1/2 shot ,
597,Adonis Cocktail,Sherry,1 1/2 oz dry ,
598,Affair,Orange Juice,2 oz ,
599,Affinity,Sweet Vermouth,1 oz ,
600,After Dinner Cocktail,Triple Sec,1 oz ,
601,After Five,Kahlua,"
",
602,After Supper Cocktail,Apricot Brandy,1 oz ,
603,After Sex,Creme De Banane,1 cl ,
604,Afterglow,Orange Juice,4 parts ,
605,Afternoon,Bailey's Irish Cream,1 cl ,
606,Alabama Slammer,Amaretto,1 oz ,
607,Alaska Cocktail,Gin,1 1/2 oz ,
608,Alexander,Creme De Cacao,1/2 oz white ,
609,Alfie Cocktail,Triple Sec,1 dash ,
610,Algonquin,Dry Vermouth,1 oz ,
611,Alice Cocktail,Orange Juice,1 cl ,
612,Alice In Wonderland,Grand Marnier,1 shot ,
613,Allegheny,Bourbon,1 oz ,
614,Allies Cocktail,Gin,1 oz ,
615,Almeria,Kahlua,1 oz ,
616,Almond Chocolate Coffee,Dark Creme De Cacao,1/2 oz ,
617,Almond Joy,Creme De Cacao,1/2 oz white ,
618,Aloha Fruit Punch,Ginger,2 tsp ,
619,Amaretto And Cream,Light Cream,1 1/2 oz ,
620,Amaretto Liqueur,Water,3/4 cup ,
621,Amaretto Mist,Lime,1 ,
622,Amaretto Rose,Lime Juice,1/2 oz ,
623,Amaretto Shake,Brandy,2 oz ,
624,Amaretto Sour,Sour Mix,3 oz ,
625,Amaretto Stinger,White Creme De Menthe,3/4 oz ,
626,Amaretto Stone Sour,Sour Mix,1 part ,
627,Amaretto Stone Sour #3,Amaretto,2 oz ,
628,Amaretto Sunrise,Orange Juice,4 oz ,
629,Amaretto Sunset,Amaretto,3 shots ,
630,Amaretto Sweet & Sour,Sweet And Sour,"
",
631,Amaretto Tea,Amaretto,2 oz ,
632,Americano,Sweet Vermouth,1 oz red ,
633,Angel Face,Apple Brandy,1/2 oz ,
634,Angelica Liqueur,Almond,1 tblsp chopped ,
635,Apello,Grapefruit Juice,3 cl ,
636,Apple Berry Smoothie,Apple,2 ,
637,Apple Cider Punch #1,Brown Sugar,1 cup ,
638,Apple Grande,Apple Cider,12 oz ,
639,Apple Karate,Carrot,1 large ,
640,Apple Pie With A Crust,Malibu Rum,1 part ,
641,Apple Slammer,Apple Schnapps,1 part ,
642,Applecar,Triple Sec,1 oz ,
643,Applejack,Midori Melon Liqueur,1/2 oz ,
644,Apricot Lady,Apricot Brandy,1 oz ,
645,Apricot Punch,Champagne,4 fifth ,
646,Archbishop,Wine,1 oz Green Ginger ,
647,Arctic Fish,Grape Soda,1/3 part ,
648,Arctic Mouthwash,Mountain Dew,5 oz ,
649,Arise My Love,Green Creme De Menthe,1 tsp ,
650,Arizona Antifreeze,Midori Melon Liqueur,1/3 oz ,
651,Arizona Stingers,Iced Tea,12 oz lemon ,
652,Arizona Twister,Malibu Rum,1 shot ,
653,Army Special,Gin,30 ml ,
654,Arthur Tompkins,Grand Marnier,1/2 oz ,
655,Artillery,Gin,1 1/2 oz ,
656,Artillery Punch,Rye Whiskey,1 quart ,
657,Atlantic Sun,Southern Comfort,2 cl ,
658,Atomic Lokade,Vodka,1 oz ,
659,Auburn Headbanger,Goldschlager,1 oz ,
660,Autodafé,Lime Juice,1 dash ,
661,Avalanche,Kahlua,1 shot ,
662,Avalon,Pisang Ambon,1 part ,
663,Aviation,Lemon Juice,1.5 cl,
664,Aztec Punch,Vodka,5 oz ,
665,B-52,Grand Marnier,1/3 ,
666,B-53,Sambuca,1/3 shot ,
667,Baby Eskimo,Milk,8 oz ,
668,Baby Guinness,Bailey's Irish Cream,1/2 oz ,
669,Bacardi Cocktail,Lime Juice,1 oz ,
670,Bailey's Dream Shake,Vanilla Ice-cream,2 scoops ,
671,Balmoral,Sweet Vermouth,1/2 oz ,
672,Banana Cantaloupe Smoothie,Banana,1 ,
673,Banana Daiquiri,Triple Sec,1 tblsp ,
674,Banana Milk Shake,Orange Juice,4 cl ,
675,Banana Strawberry Shake,Banana,1 frozen ,
676,Banana Strawberry Shake Daiquiri-type,Banana,1 frozen ,
677,Barracuda,Galliano,1.5 cl,
678,Belgian Blue,Coconut Liqueur,1 cl ,
679,Bellini,Peach Schnapps,1 oz ,
680,Bellini Martini,Vodka,3 oz ,
681,Bermuda Highball,Gin,3/4 oz ,
682,Berry Deadly,Wine,1 bottle Boone Strawberry Hill ,
683,Between The Sheets,Light Rum,1 oz ,
684,Bible Belt,Triple Sec,1/2 oz ,
685,Big Red,Goldschlager,1/2 oz ,
686,Black & Tan,Guinness Stout,1 part ,
687,Black Forest Shake,Chocolate Syrup,"
",
688,Black Russian,Vodka,1 1/2 oz ,
689,Black And Brown,Root Beer,1/2 ,
690,Blackthorn,Sloe Gin,1 1/2 oz ,
691,Bleeding Surgeon,Orange,1 slice ,
692,Blind Russian,Godiva Liqueur,3/4 oz ,
693,Bloody Maria,Tomato Juice,2 oz ,
694,Bloody Mary,Tomato Juice,3 oz ,
695,Blue Lagoon,Blue Curacao,1 oz ,
696,Blue Margarita,Blue Curacao,1 oz ,
697,Blue Mountain,Tia Maria,1/2 oz ,
698,Bluebird,Triple Sec,1/2 oz ,
699,Bob Marley,Jägermeister,1/2 oz ,
700,Bobby Burns Cocktail,Scotch,1 1/2 oz ,
701,Boomerang,Dry Vermouth,1/2 oz ,
702,Boozy Snickers Milkshake,Milk,1 cup ,
703,Bora Bora,Passion Fruit Juice,6 cl ,
704,Boston Sidecar,Brandy,3/4 oz ,
705,Boston Sour,Lemon,Juice of 1/2 ,
706,Bourbon Sling,Water,2 tsp ,
707,Bourbon Sour,Lemon Juice,1 oz ,
708,Boxcar,Triple Sec,1 oz ,
709,Brain Fart,Vodka,1 fifth Smirnoff red label ,
710,Brainteaser,Erin Cream,30 ml ,
711,Bramble,Lemon Juice,1.5 cl,
712,Brandon And Will's Coke Float,Coca-cola,1 can ,
713,Brandy Alexander,Creme De Cacao,1 oz white ,
714,Brandy Cobbler,Club Soda,3 oz ,
715,Brandy Flip,Egg,1 whole ,
716,Brandy Sour,Lemon,Juice of 1/2 ,
717,Brave Bull Shooter,Tabasco Sauce,1/2 oz ,
718,Bruce's Puce,Kahlua,"
",
719,Bruised Heart,Chambord Raspberry Liqueur,1/2 oz ,
720,Bubble Gum,Banana Liqueur,1/4 ,
721,Buccaneer,Bacardi Limon,1 shot ,
722,Bumble Bee #1,Kahlua,1/3 oz ,
723,Butter Baby,Butterscotch Schnapps,1 part ,
724,Cafe Savoy,Milk,1/2 oz ,
725,Caipirinha,Lime,1 ,
726,Caipirissima,Sugar,2 tblsp ,
727,California Lemonade,Lemon,Juice of 1 ,
728,California Root Beer,Galliano,3/4 oz ,
729,Campari Beer,Campari,1 1/2 cl ,
730,Caribbean Boilermaker,Light Rum,1 shot ,
731,Caribbean Orange Liqueur,Vodka,3 cups ,
732,Casino,Maraschino Liqueur,1/4 tsp ,
733,Casino Royale,Lemon Juice,1/2 oz ,
734,Castillian Hot Chocolate,Sugar,1 cup ,
735,Champagne Cocktail,Sugar,1 piece ,
736,Cherry Electric Lemonade,Tequila,1 oz,
737,Cherry Rum,Cherry Brandy,1 1/2 tsp ,
738,Chicago Fizz,Port,1 oz ,
739,Chocolate Beverage,Chocolate,3 oz Mexican ,
740,Chocolate Black Russian,Vodka,1/2 oz ,
741,Chocolate Drink,Milk,3/4 L ,
742,Chocolate Milk,Milk,1/2 shot ,
743,Chocolate Monkey,Creme De Cacao,2 shots ,
744,Citrus Coke,Coca-cola,2 parts ,
745,City Slicker,Triple Sec,1/2 oz ,
746,Classic Old-fashioned,Water,1 tsp ,
747,Clove Cocktail,Sloe Gin,1/2 oz ,
748,Clover Club,Grenadine,2 tsp ,
749,Coffee Liqueur,Vanilla Extract,4 tblsp ,
750,Coffee-vodka,Sugar,2 cups white ,
751,Coke And Drops,Lemon Juice,7 drops ,
752,Cosmopolitan,Lime Juice,1/4 oz ,
753,Cosmopolitan Martini,Vodka,1 oz ,
754,Cranberry Cordial,Sugar,3/4 L ,
755,Cranberry Punch,Sugar,1 1/2 cup ,
756,Cream Soda,Ginger Ale,"
",
757,Creme De Menthe,Water,6 cups ,
758,Cuba Libra,Lime,Squeeze ,
759,Cuba Libre,Lime,Juice of 1/2 ,
760,Daiquiri,Lime,Juice of 1/2 ,
761,Damned If You Do,Hot Damn,0.25 oz ,
762,Danbooka,Everclear,1 part ,
763,Dark Caipirinha,Lime,1,
764,Dark And Stormy,Ginger Beer,10 cl,
765,Darkwood Sling,Soda Water,1 part ,
766,Derby,Peach Bitters,2 dashes,
767,Diesel,Cider,1/2 pint ,
768,Dirty Martini,Dry Vermouth,1 tbsp,
769,Dirty Nipple,Sambuca,"
",
770,Downshift,Sprite,1 part ,
771,Dragonfly,Ginger Ale,4 oz ,
772,Drinking Chocolate,Milk,6-8 oz ,
773,Dry Rob Roy,Dry Vermouth,1 1/2 tsp ,
774,Dubonnet Cocktail,Gin,3/4 oz ,
775,Duchamp's Punch,Lime Juice,2.5 cl,
776,Egg Cream,Milk,6 oz whole ,
777,Egg Nog #4,Sugar,1/4 cup ,
778,Egg Nog - Healthy,Sugar,3 tblsp ,
779,Egg-nog - Classic Cooked,Sugar,1/4 cup ,
780,English Highball,Gin,3/4 oz ,
781,English Rose Cocktail,Gin,1 1/2 oz ,
782,Espresso Martini,Kahlua,1 cl,
783,Fahrenheit 5000,Absolut Peppar,1/2 oz ,
784,Flaming Dr. Pepper,Vodka,1 oz ,
785,Flaming Lamborghini,Sambuca,1 oz ,
786,Flander's Flake-out,Sarsaparilla,3/4 glass ,
787,Flying Dutchman,Triple Sec,1/2 oz ,
788,Flying Scotchman,Sweet Vermouth,1 oz ,
789,Foxy Lady,Creme De Cacao,1/2 oz ,
790,Frappé,Milk,1/2 cup ,
791,Freddy Kruger,Sambuca,1/2 oz ,
792,"French ""75""",Sugar,2 tsp superfine ,
793,French 75,Sugar,2 tsp superfine ,
794,French Connection,Amaretto,3/4 oz ,
795,French Martini,Raspberry Liqueur,1.5 cl,
796,Frisco Sour,Benedictine,1/2 oz ,
797,Frozen Daiquiri,Triple Sec,1 tblsp ,
798,Frozen Mint Daiquiri,Lime Juice,1 tblsp ,
799,Frozen Pineapple Daiquiri,Pineapple,4 chunks ,
800,Fruit Cooler,Strawberries,1 cup ,
801,Fruit Flip-flop,Fruit Juice,1 cup ,
802,Fruit Shake,Banana,1 ,
803,Fuzzy Asshole,Peach Schnapps,1/2 ,
804,Gg,Ginger Ale,"
",
805,Gagliardo,Lemon Juice,3 parts ,
806,Gentleman's Club,Brandy,1 oz ,
807,Gideon's Green Dinosaur,Vodka,1/2 oz ,
808,Gin And Tonic,Tonic Water,5 oz ,
809,Gin Cooler,Carbonated Water,"
",
810,Gin Daisy,Lemon Juice,1 oz ,
811,Gin Fizz,Lemon,Juice of 1/2 ,
812,Gin Rickey,Grenadine,1 tsp ,
813,Gin Sling,Lemon,Juice of 1/2 ,
814,Gin Smash,Carbonated Water,1 oz ,
815,Gin Sour,Lemon Juice,1 oz ,
816,Gin Squirt,Grenadine,1 tsp ,
817,Gin Swizzle,Sugar,1 tsp superfine ,
818,Gin Toddy,Water,2 tsp ,
819,Girl From Ipanema,Lemon Juice,15 ml,
820,Gluehwein,Water,125 ml ,
821,Godchild,Amaretto,1 oz ,
822,Godfather,Amaretto,3/4 oz ,
823,Godmother,Amaretto,3/4 oz ,
824,Golden Dream,Triple Sec,2 parts,
825,Grand Blue,Peach Schnapps,1 1/2 cl ,
826,Grape Lemon Pineapple Smoothie,Lemon,1/4 ,
827,Grass Skirt,Triple Sec,1 oz ,
828,Grasshopper,Creme De Cacao,3/4 oz white ,
829,Green Goblin,Lager,1/2 pint ,
830,Grim Reaper,151 Proof Rum,1 oz Bacardi ,
831,Grizzly Bear,Jägermeister,1 part ,
832,H.d.,Bailey's Irish Cream,8 cl ,
833,Happy Skipper,Ginger Ale,"
",
834,Harvey Wallbanger,Galliano,1/2 oz ,
835,Havana Cocktail,Pineapple Juice,1 oz ,
836,Hawaiian Cocktail,Triple Sec,1/2 oz ,
837,Hemingway Special,Grapefruit Juice,8 parts,
838,Herbal Flame,Tea,very sweet ,
839,Highland Fling Cocktail,Sweet Vermouth,3/4 oz ,
840,Holloween Punch,Carbonated Soft Drink,", orange
",
841,Homemade Kahlua,Corn Syrup,1 cup ,
842,Horse's Neck,Brandy,2 oz ,
843,Hot Chocolate To Die For,Butter,1 tsp ,
844,Hot Creamy Bush,Bailey's Irish Cream,3/4 shot ,
845,Ice Pick #1,Iced Tea,6 oz ,
846,Iced Coffee,Sugar,1/4 cup ,
847,Iced Coffee Fillip,Coffee,Strong cold ,
848,Imperial Cocktail,Gin,2 cl ,
849,Imperial Fizz,Blended Whiskey,1 1/2 oz ,
850,Ipamena,Brown Sugar,2 tsp,
851,Irish Coffee,Coffee,8 oz ,
852,Irish Cream,Half-and-half,1 1/4 cup ,
853,Irish Curdling Cow,Bourbon,3/4 oz ,
854,Irish Russian,Kahlua,1 shot ,
855,Irish Spring,Peach Brandy,1/2 oz ,
856,Jack Rose Cocktail,Grenadine,1 tsp ,
857,Jack's Vanilla Coke,Tennessee Whiskey,2 oz ,
858,Jackhammer,Amaretto,1 oz ,
859,Jam Donut,Chambord Raspberry Liqueur,1/3 oz,
860,Jamaica Kiss,Light Rum,1 shot Jamaican ,
861,Jamaican Coffee,Coffee,1/6 glass strong black ,
862,Japanese Fizz,Lemon,Juice of 1/2 ,
863,Jello Shots,Jello,3 packages ,
864,Jelly Bean,Anis,1 oz ,
865,Jewel Of The Nile,Green Chartreuse,1/2 oz ,
866,Jitterbug,Vodka,1 jigger ,
867,John Collins,Lemon Juice,1 oz ,
868,Just A Moonmint,Chocolate Syrup,"
",
869,Kamikaze,Triple Sec,1 oz ,
870,Karsk,Grain Alcohol,2 parts ,
871,Kentucky B And B,Benedictine,1/2 oz ,
872,Kentucky Colonel,Benedictine,1/2 oz ,
873,Kill The Cold Smoothie,Lemon,1/4 ,
874,Kioki Coffee,Brandy,1/2 oz ,
875,Kir,Champagne,5 parts ,
876,Kir Royale,Champagne,5 parts ,
877,Kiss Me Quick,Apfelkorn,2 cl ,
878,Kiwi Lemon,Bitter Lemon,2 parts ,
879,Kiwi Papaya Smoothie,Papaya,1/2 ,
880,Kool First Aid,Kool-aid,1/2 tsp Tropical ,
881,Kool-aid Shot,Amaretto,1 shot ,
882,Kool-aid Slammer,Vodka,1/2 oz ,
883,Kurant Tea,Tea,Turkish apple ,
884,Lady Love Fizz,Light Cream,2 tsp ,
885,Lassi - A South Indian Drink,Water,1 1/4 cup cold ,
886,Lassi - Mango,Yoghurt,2 cups ,
887,Lassi - Sweet,Water,2 cups cold ,
888,Lassi Khara,Water,2 cups cold ,
889,Lassi Raita,Ice,4-6 ,
890,Lemon Drop,Cointreau,1 1/2 shot ,
891,Lemon Shot,Absolut Citron,1/2 oz ,
892,Lemouroudji,Water,1 gal ,
893,Limeade,Sugar,1 tblsp ,
894,Limona Corona,Bacardi Limon,1 oz ,
895,Loch Lomond,Drambuie,1/2 oz ,
896,London Town,Maraschino Liqueur,1/2 oz ,
897,Lone Tree Cocktail,Gin,1 1/2 oz ,
898,Lone Tree Cooler,Gin,"
",
899,Long Island Iced Tea,Tequila,1/2 oz ,
900,Long Island Tea,Light Rum,1/2 oz ,
901,Long Vodka,Lime,1/2 ,
902,Lord And Lady,Tia Maria,1/2 oz ,
903,Lunch Box,Amaretto,1 shot ,
904,Mai Tai,Orgeat Syrup,1/2 oz ,
905,Malibu Twister,Tropicana,2 parts ,
906,Mango Orange Smoothie,Orange,2 ,
907,Manhattan,Bourbon,2 1/2 oz Blended ,
908,Margarita,Triple Sec,1/2 oz ,
909,Martinez Cocktail,Dry Vermouth,1 oz ,
910,Martini,Dry Vermouth,1/3 oz ,
911,Mary Pickford,Pineapple Juice,1 oz ,
912,Masala Chai,Tea,3-4 tsp ,
913,Melya,Honey,Unsweetened ,
914,Miami Vice,Pina Colada Mix,frozen ,
915,Microwave Hot Cocoa,Cocoa Powder,3 tblsp ,
916,Midnight Cowboy,Dark Rum,1 oz ,
917,Midnight Manx,Bailey's Irish Cream,1 oz ,
918,Midnight Mint,White Creme De Menthe,3/4 oz ,
919,Mimosa,Orange Juice,2 oz ,
920,Mississippi Planters Punch,Light Rum,1/2 oz ,
921,Mocha-berry,Chambord Raspberry Liqueur,2 oz ,
922,Mojito,Lime,Juice of 1 ,
923,Mojito #3,Lemon Juice,3 cl ,
924,Monkey Gland,Benedictine,1 tsp ,
925,Monkey Wrench,Grapefruit Juice,3 oz ,
926,Moranguito,Tequila,2/5 ,
927,Moscow Mule,Lime Juice,2 oz ,
928,Mother's Milk,Butterscotch Schnapps,1 oz ,
929,Mudslinger,Orange Juice,1 L ,
930,Mulled Wine,Sugar,1 cup ,
931,National Aquarium,Vodka,1/2 oz ,
932,Negroni,Campari,1 oz ,
933,New York Lemonade,Grand Marnier,1 oz ,
934,New York Sour,Lemon,Juice of 1/2 ,
935,Nuked Hot Chocolate,Sugar,1 tsp ,
936,Nutty Irishman,Frangelico,1 part ,
937,Old Fashioned,Angostura Bitters,2 dashes,
938,Orange Crush,Triple Sec,1 oz ,
939,Orange Oasis,Gin,1 1/2 oz ,
940,Orange Push-up,Grenadine,0.5 oz ,
941,Orange Scented Hot Chocolate,Chocolate,4 oz chopped bittersweet or semi-sweet ,
942,Orange Whip,Rum,1 oz ,
943,Orangeade,Orange Juice,15 cl ,
944,Oreo Mudslide,Kahlua,1 oz ,
945,Orgasm,Amaretto,1/2 oz ,
946,Owen's Grandmother's Revenge,Beer,12 oz ,
947,Paradise,Apricot Brandy,4 parts,
948,Pina Colada,Coconut Milk,3 tblsp ,
949,Pineapple Gingerale Smoothie,Pineapple,1/2 ,
950,Pink Gin,Gin,2 oz ,
951,Pink Lady,Grenadine,1 tsp ,
952,Pink Panty Pulldowns,Pink Lemonade,2 cups ,
953,Pink Penocha,Vodka,1750 ml ,
954,Pisco Sour,Lemon Juice,1 oz ,
955,Planter's Punch,Orgeat Syrup,1/2 part ,
956,Popped Cherry,Cherry Liqueur,2 oz ,
957,Poppy Cocktail,Creme De Cacao,3/4 oz white ,
958,Port And Starboard,Green Creme De Menthe,1/2 oz ,
959,Port Wine Cocktail,Brandy,1/2 tsp ,
960,Port Wine Flip,Light Cream,2 tsp ,
961,Porto Flip,Port,9 parts,
962,Pysch Vitamin Light,Apple Juice,1 part ,
963,Quaker's Cocktail,Brandy,3/4 oz ,
964,Quarter Deck Cocktail,Sherry,1/3 oz cream ,
965,Queen Bee,Lime Vodka,1 1/2 oz ,
966,Queen Charlotte,Grenadine,1 oz ,
967,Queen Elizabeth,Gin,1 1/2 oz ,
968,Quentin,Kahlua,1/2 oz ,
969,Quick F**k,Midori Melon Liqueur,1 part ,
970,Quick-sand,Orange Juice,Add 250 ml ,
971,Radioactive Long Island Iced Tea,Vodka,1 oz ,
972,Radler,7-up,12 oz ,
973,Rail Splitter,Lemon Juice,"
",
974,Raspberry Cooler,Lemon-lime Soda,4 oz ,
975,Red Snapper,Amaretto,1 shot ,
976,Rose,Gin,1 oz ,
977,Royal Bitch,Crown Royal,1 part ,
978,Royal Fizz,Sweet And Sour,2 oz ,
979,Royal Flush,Peach Schnapps,1 oz ,
980,Royal Gin Fizz,Lemon,Juice of 1/2 ,
981,Ruby Tuesday,Cranberry Juice,5 oz ,
982,Rum Cobbler,Club Soda,3 oz ,
983,Rum Cooler,Lemon-lime Soda,4 oz ,
984,Rum Milk Punch,Milk,1 cup ,
985,Rum Old-fashioned,151 Proof Rum,1 tsp ,
986,Rum Punch,Ginger Ale,large bottle ,
987,Rum Runner,Blackberry Brandy,1 oz ,
988,Rum Screwdriver,Orange Juice,5 oz ,
989,Rum Sour,Lemon Juice,1 oz ,
990,Rum Toddy,Powdered Sugar,2 tsp ,
991,Russian Spring Punch,Creme De Cassis,1.5 cl,
992,Rusty Nail,Drambuie,1/2 oz ,
993,Salty Dog,Gin,1 1/2 oz ,
994,San Francisco,Creme De Banane,2 cl ,
995,Sangria #1,Sugar,1/2 cup ,
996,Sangria - The World's Best,Sugar,1 cup ,
997,Sazerac,Sugar,1/2 tsp superfine ,
998,Scooter,Amaretto,1 oz ,
999,Scotch Cobbler,Brandy,4 dashes ,
1000,Scotch Sour,Lime,Juice of 1/2 ,
1001,Scottish Highland Liqueur,Honey,1 1/2 cup mild ,
1002,Screaming Orgasm,Bailey's Irish Cream,1 1/2 oz ,
1004,Sea Breeze,Cranberry Juice,4 oz ,
1005,Sex On The Beach,Peach Schnapps,3/4 oz ,
1006,Shanghai Cocktail,Anisette,1 tsp ,
1007,Shark Attack,Water,3 cans ,
1008,Sherry Eggnog,Powdered Sugar,1 tsp ,
1009,Sherry Flip,Light Cream,2 tsp ,
1010,Shot-gun,Jack Daniels,1 part ,
1011,Sidecar,Cointreau,1/2 oz ,
1012,Sidecar Cocktail,Triple Sec,1/2 oz ,
1013,Singapore Sling,Grenadine,1/2 oz ,
1014,Sloe Gin Cocktail,Dry Vermouth,1/4 tsp ,
1015,Smut,Peach Schnapps,1 shot ,
1016,Snake Bite (uk),Cider,1/2 pint sweet or dry ,
1017,Snakebite And Black,Cider,1/2 pint ,
1018,Snowball,Lemonade,8-10 oz cold ,
1019,Sol Y Sombra,Anisette,1 1/2 oz ,
1020,Space Odyssey,Malibu Rum,1 shot ,
1021,Spanish Chocolate,Chocolate,2 oz sweet ,
1022,Spiced Peach Punch,Orange Juice,20 oz ,
1023,Spiking Coffee,Cinnamon, ,
1024,Spritz,Campari,4 cl,
1025,Stinger,White Creme De Menthe,1/2 oz ,
1026,Stone Sour,Orange Juice,1 oz ,
1027,Strawberry Daiquiri,Light Rum,1 oz ,
1028,Strawberry Lemonade,Sugar,1 tblsp ,
1029,Strawberry Margarita,Tequila,1 oz ,
1030,Strawberry Shivers,Honey,4 tsp ,
1031,Sunny Holiday Punch,Club Soda,28 oz ,
1032,Surf City Lifesaver,Bailey's Irish Cream,1 part ,
1033,Swedish Coffee,Aquavit,4 cl ,
1034,Sweet Bananas,Banana,1 ,
1035,Sweet Sangria,Sugar,1 cup ,
1036,Sweet Tooth,Milk,"
",
1037,Talos Coffee,Coffee,1 part ,
1038,Tennesee Mud,Jack Daniels,4 oz ,
1039,Tequila Fizz,Lemon Juice,1 tblsp ,
1040,Tequila Sour,Lemon,Juice of 1/2 ,
1042,Tequila Surprise,Tabasco Sauce,About 8 drops ,
1043,Texas Rattlesnake,Cherry Brandy,1/2 part ,
1044,Texas Sling,Irish Cream,1/2 oz ,
1045,Thai Coffee,Coriander,1/4 tsp ,
1046,Thai Iced Coffee,Sugar,"
",
1047,Thai Iced Tea,Water,1/2 cup boiling ,
1048,The Evil Blue Thing,Blue Curacao,1 oz ,
1049,Thriller,Wine,1 oz Green Ginger ,
1050,Tia-maria,Brown Sugar,3/4-1 cup ,
1051,Tom Collins,Lemon Juice,1 oz ,
1052,Tomato Tang,Lemon Juice,1-2 tblsp ,
1053,Tommy's Margarita,Lime Juice,1.5 cl,
1054,Turf Cocktail,Gin,1 oz ,
1055,Turkeyball,Amaretto,3/4 oz ,
1056,Tuxedo Cocktail,Gin,1 1/2 oz ,
1057,Valencia Cocktail,Orange Juice,1 tblsp ,
1058,Vampiro,Tomato Juice,3 cl,
1059,Van Vleet,Maple Syrup,1 oz ,
1060,Vermouth Cassis,Creme De Cassis,3/4 oz ,
1061,Vesper,Vodka,1.5 cl,
1062,Vesuvio,Sweet Vermouth,1/2 oz ,
1063,Veteran,Cherry Brandy,1/2 oz ,
1064,Victor,Sweet Vermouth,1/2 oz ,
1065,Victory Collins,Lemon Juice,3 oz ,
1066,Vodka And Tonic,Tonic Water,"
",
1067,Vodka Fizz,Half-and-half,2 oz ,
1068,Vodka Martini,Dry Vermouth,3/4 oz ,
1069,Vodka Russian,Schweppes Russchian,"
",
1070,Waikiki Beachcomber,Gin,3/4 oz ,
1071,Whiskey Sour,Lemon,Juice of 1/2 ,
1072,Whisky Mac,Wine,1 oz Green Ginger ,
1073,White Lady,Triple Sec,3cl,
1074,White Russian,Coffee Liqueur,1 oz ,
1075,Whitecap Margarita,Tequila,2 oz ,
1076,Wine Cooler,Lemon-lime Soda,5 oz ,
1077,Wine Punch,Lemon,2 ,
1078,Yellow Bird,Galliano,1.5 cl,
1079,Yoghurt Cooler,Fruit,1 cup ,
1080,Zambeer,Root Beer,Add 10 oz ,
1081,Zenmeister,Root Beer,1/2 oz ,
1082,Ziemes Martini Apfelsaft,Apple Juice,16 cl ,
1083,Zima Blaster,Chambord Raspberry Liqueur,3 oz ,
1084,Zimadori Zinger,Zima,12 oz ,
1085,Zinger,Surge,4 shots ,
1086,Zipperhead,Vodka,1 shot ,
1087,Zippy's Revenge,Rum,2 oz ,
1088,Zizi Coin-coin,Lemon Juice,2 cl ,
1089,Zoksel,Root Beer,"
",
1090,Zorbatini,Ouzo,1/4 oz ,
1091,Zorro,Bailey's Irish Cream,2 cl ,
1093,1-900-fuk-meup,Chambord Raspberry Liqueur,1/4 oz ,
1095,151 Florida Bushwacker,151 Proof Rum,1/2 oz Bacardi ,
1096,155 Belmont,Vodka,1 shot ,
1097,24k Nightmare,Rumple Minze,1/2 oz ,
1099,3 Wise Men,Jim Beam,1/3 oz ,
1100,3-mile Long Island Iced Tea,Tequila,1/2 oz ,
1102,50/50,Orange Juice,Fill with ,
1103,501 Blue,Vodka,"
",
1104,69 Special,Lemon Juice,0.75 oz ,
1105,747,Frangelico,1/3 part ,
1106,9 1/2 Weeks,Strawberry Liqueur,1 splash ,
1107,A Day At The Beach,Orange Juice,4 oz ,
1108,A Furlong Too Late,Lemon Peel,1 twist of ,
1109,A Gilligan's Island,Orange Juice,3 oz ,
1110,A Night In Old Mandalay,Orange Juice,1 oz ,
1111,A Piece Of Ass,Ice," cubes
",
1112,A Splash Of Nash,Midori Melon Liqueur,0.5 oz ,
1113,A True Amaretto Sour,Ice,"
",
1114,A Midsummernight Dream,Strawberry Liqueur,1 tsp ,
1116,A.d.m. (after Dinner Mint),Vodka,1/2 oz ,
1117,A1,Lemon Juice,1/4 Shot,
1118,Abc,Cognac,1/3 ,
1120,At&t,Tonic Water,4 oz ,
1121,Abbey Cocktail,Orange,Juice of 1/4 ,
1122,Abbey Martini,Orange Juice,1 shot ,
1123,Abilene,Orange Juice,3 oz ,
1124,Absinthe #2,Anise,50 ml pure ,
1125,Absolut Evergreen,Ice," cubes
",
1126,Absolut Sex,Cranberry Juice,1 oz ,
1127,Absolut Stress #2,Coconut Liqueur,1/2 oz ,
1128,Absolut Summertime,Sprite,1/2 oz ,
1129,Absolut Limousine,Ice,Fill with ,
1130,Absolutely Cranberry Smash,Ginger Ale,2 oz ,
1131,Absolutely Fabulous,Champagne,Top up with,
1132,Absolutly Screwed Up,Triple Sec,1 shot ,
1133,Acapulco,Lime Juice,1 tblsp ,
1134,Ace,Heavy Cream,1/2 shot ,
1135,Adam,Grenadine,1 tsp ,
1136,Adam & Eve,Creme De Cassis,1 shot ,
1137,Adam Bomb,Tequila,1 part ,
1138,Adam Sunrise,Water,1/2 ,
1139,Addington,Soda Water,"Top up with
",
1141,Addison Special,Orange Juice,Fill with ,
1142,Adios Amigos Cocktail,Cognac,1/2 shot ,
1143,Adonis Cocktail,Orange Bitters,1 dash ,
1144,Affair,Cranberry Juice,2 oz ,
1145,Affinity,Dry Vermouth,1 oz ,
1146,After Dinner Cocktail,Lime,Juice of 1 ,
1147,After Five,Bailey's Irish Cream,"
",
1148,After Supper Cocktail,Lemon Juice,1/2 tsp ,
1149,After Sex,Orange Juice,"
",
1150,Afterglow,Pineapple Juice,4 parts ,
1151,Afternoon,Frangelico,1 1/2 ,
1152,Alabama Slammer,Sloe Gin,1/2 oz ,
1153,Alaska Cocktail,Yellow Chartreuse,3/4 oz ,
1154,Alexander,Light Cream,2 oz ,
1155,Alfie Cocktail,Pineapple Juice,1 tblsp ,
1156,Algonquin,Pineapple Juice,1 oz ,
1157,Alice Cocktail,Pineapple Juice,2 cl ,
1158,Alice In Wonderland,Southern Comfort,1 shot ,
1159,Allegheny,Blackberry Brandy,1 1/2 tsp ,
1160,Allies Cocktail,Kummel,1/2 tsp ,
1161,Almeria,Egg White,1 ,
1162,Almond Chocolate Coffee,Coffee,8 oz ,
1163,Almond Joy,Light Cream,2 oz ,
1164,Aloha Fruit Punch,Guava Juice,2 cups ,
1166,Amaretto Liqueur,Apricot,2 ,
1168,Amaretto Rose,Club Soda,"
",
1169,Amaretto Shake,Amaretto,2 oz ,
1172,Amaretto Stone Sour,Orange Juice,1 part ,
1173,Amaretto Stone Sour #3,Tequila,2 oz ,
1174,Amaretto Sunrise,Grenadine,1/4 cl ,
1175,Amaretto Sunset,Cider,1/2 cup ,
1176,Amaretto Sweet & Sour,Midori Melon Liqueur, ,
1177,Amaretto Tea,Whipped Cream,Chilled ,
1178,Americano,Lemon Peel,Twist of ,
1179,Angel Face,Gin,1 oz ,
1180,Angelica Liqueur,Allspice,1 cracked ,
1181,Apello,Apple Juice,1 cl ,
1183,Apple Cider Punch #1,Lemonade,6 oz frozen ,
1186,Apple Pie With A Crust,Cinnamon,3 dashes ,
1188,Applecar,Lemon Juice,1 oz ,
1189,Applejack,Sour Mix,2 oz ,
1190,Apricot Lady,Triple Sec,1 tsp ,
1191,Apricot Punch,Vodka,1 fifth ,
1192,Archbishop,Benedictine,1 tsp ,
1193,Arctic Fish,Orange Juice,1/3 part ,
1194,Arctic Mouthwash,Ice," cubes
",
1196,Arizona Antifreeze,Sweet And Sour,1/3 oz ,
1198,Arizona Twister,Gold Tequila,1 shot ,
1199,Army Special,Lime Juice Cordial,45 ml ,
1200,Arthur Tompkins,Lemon Juice,2 tsp ,
1201,Artillery,Bitters,2 dashes ,
1202,Artillery Punch,Red Wine,1 fifth ,
1203,Atlantic Sun,Passion Fruit Syrup,2 cl ,
1204,Atomic Lokade,Blue Curacao,1/2 oz ,
1206,Autodafé,Soda Water,"
",
1207,Avalanche,Cream,Fill with ,
1208,Avalon,Apple Juice,6 parts ,
1209,Aviation,Maraschino Liqueur,1.5 cl,
1210,Aztec Punch,Rum,7 oz ,
1211,B-52,Kahlua,1/4 ,
1212,B-53,Grand Marnier,1/3 shot ,
1213,Baby Eskimo,Vanilla Ice-cream,2 scoops ,
1215,Bacardi Cocktail,Sugar Syrup,1/2 tsp ,
1216,Bailey's Dream Shake,Cream,"
",
1217,Balmoral,Dry Vermouth,1/2 oz ,
1219,Banana Daiquiri,Banana,1 ,
1220,Banana Milk Shake,Sugar Syrup,2 tsp ,
1221,Banana Strawberry Shake,Yoghurt,1 cup plain ,
1222,Banana Strawberry Shake Daiquiri-type,Apple Juice,2 cups fresh ,
1223,Barracuda,Pineapple Juice,6 cl,
1224,Belgian Blue,Blue Curacao,1 cl ,
1226,Bellini Martini,Peach Nectar,1.5 oz ,
1227,Bermuda Highball,Dry Vermouth,3/4 oz ,
1228,Berry Deadly,Orange Juice,1/2 gal ,
1229,Between The Sheets,Triple Sec,1 oz ,
1230,Bible Belt,Lime,2 wedges ,
1233,Black Forest Shake,Cherry Brandy,"
",
1236,Blackthorn,Lemon Peel,1 twist of ,
1237,Bleeding Surgeon,Surge,1/2 glass ,
1238,Blind Russian,Kahlua,3/4 oz ,
1239,Bloody Maria,Lemon Juice,1 dash ,
1240,Bloody Mary,Lemon Juice,1 dash ,
1241,Blue Lagoon,Lemonade,"
",
1242,Blue Margarita,Lime Juice,1 oz ,
1243,Blue Mountain,Vodka,1/2 oz ,
1244,Bluebird,Blue Curacao,1/2 oz ,
1245,Bob Marley,Goldschlager,1/2 oz ,
1246,Bobby Burns Cocktail,Benedictine,1 1/4 tsp ,
1247,Boomerang,Bitters,2 dashes ,
1248,Boozy Snickers Milkshake,Godiva Liqueur,1/2 cup ,
1249,Bora Bora,Lemon Juice,1 cl ,
1250,Boston Sidecar,Triple Sec,3/4 oz ,
1251,Boston Sour,Powdered Sugar,1 tsp ,
1252,Bourbon Sling,Lemon Juice,1 oz ,
1253,Bourbon Sour,Sugar,1/2 tsp superfine ,
1254,Boxcar,Lemon Juice,1 tsp ,
1255,Brain Fart,Mountain Dew,2 L ,
1256,Brainteaser,Advocaat,5 ml ,
1257,Bramble,Sugar Syrup,1 cl,
1258,Brandon And Will's Coke Float,Bourbon,2 oz ,
1259,Brandy Alexander,Light Cream,1 oz ,
1260,Brandy Cobbler,Lemon,1 ,
1261,Brandy Flip,Sugar,1 tsp superfine ,
1262,Brandy Sour,Powdered Sugar,1/2 tsp ,
1264,Bruce's Puce,Bailey's Irish Cream,"
",
1265,Bruised Heart,Peachtree Schnapps,1/2 oz ,
1266,Bubble Gum,Orange Juice,1/4 ,
1268,Bumble Bee #1,Sambuca,1/3 oz ,
1269,Butter Baby,Milk,full glass ,
1270,Cafe Savoy,Triple Sec,1/2 oz ,
1271,Caipirinha,Cachaca,2 1/2 oz ,
1272,Caipirissima,White Rum,2-3 oz ,
1273,California Lemonade,Lime,Juice of 1 ,
1274,California Root Beer,Soda Water,Fill with ,
1277,Caribbean Orange Liqueur,Sugar,1 1/3 cup superfine ,
1278,Casino,Lemon Juice,1/4 tsp ,
1279,Casino Royale,Maraschino Liqueur,1 tsp ,
1280,Castillian Hot Chocolate,Cornstarch,7 tsp ,
1281,Champagne Cocktail,Bitters,2 dashes ,
1282,Cherry Electric Lemonade,Vodka,1 oz,
1283,Cherry Rum,Light Cream,1 tblsp ,
1284,Chicago Fizz,Lemon,Juice of 1/2 ,
1285,Chocolate Beverage,Cinnamon,1 tsp powdered ,
1286,Chocolate Black Russian,Chocolate Ice-cream,5 oz ,
1288,Chocolate Milk,Amaretto,1 dash ,
1289,Chocolate Monkey,Chocolate Ice-cream,2 scoops ,
1291,City Slicker,Lemon Juice,1 tblsp ,
1292,Classic Old-fashioned,Sugar,1 ,
1293,Clove Cocktail,Wine,1/2 oz Muscatel ,
1294,Clover Club,Lemon,Juice of 1/2 ,
1295,Coffee Liqueur,Sugar,2 1/2 cups ,
1296,Coffee-vodka,Coffee,1/2 cup instant ,
1298,Cosmopolitan,Cointreau,1/4 oz ,
1299,Cosmopolitan Martini,Lime,Juice of 1/2 ,
1300,Cranberry Cordial,Light Rum,1/2 L ,
1301,Cranberry Punch,Pineapple Juice,4 cups ,
1303,Creme De Menthe,Grain Alcohol,1 pint ,
1304,Cuba Libra,Coca-cola,Fill with ,
1306,Daiquiri,Powdered Sugar,1 tsp ,
1309,Dark Caipirinha,Cachaca,2 1/2 oz,
1311,Darkwood Sling,Orange Juice,1 part ,
1312,Derby,Mint,2 Fresh leaves,
1313,Diesel,Blackcurrant Cordial,1 dash ,
1314,Dirty Martini,Olive Brine,2 tbsp,
1315,Dirty Nipple,Bailey's Irish Cream,"
",
1316,Downshift,Tequila,2 shots ,
1317,Dragonfly,Lime,1 ,
1318,Drinking Chocolate,Cinnamon,1 stick ,
1319,Dry Rob Roy,Lemon Peel,1 twist of ,
1320,Dubonnet Cocktail,Bitters,1 dash ,
1321,Duchamp's Punch,Pineapple Syrup,2.5 cl,
1322,Egg Cream,Soda Water,6 oz ,
1323,Egg Nog #4,Milk,2 cups ,
1324,Egg Nog - Healthy,Condensed Milk,13 oz skimmed ,
1325,Egg-nog - Classic Cooked,Salt,1/4 tsp ,
1326,English Highball,Sweet Vermouth,3/4 oz ,
1327,English Rose Cocktail,Dry Vermouth,3/4 oz ,
1328,Espresso Martini,Sugar Syrup,1 dash,
1329,Fahrenheit 5000,Tabasco Sauce,1 dash ,
1330,Flaming Dr. Pepper,151 Proof Rum,1 oz Bacardi ,
1331,Flaming Lamborghini,Blue Curacao,1 oz ,
1334,Flying Scotchman,Bitters,1 dash ,
1335,Foxy Lady,Light Cream,2 oz ,
1336,Frappé,Sugar,1-2 tsp ,
1337,Freddy Kruger,Vodka,1/2 oz ,
1338,"French ""75""",Lemon Juice,1 1/2 oz ,
1339,French 75,Lemon Juice,1 1/2 oz ,
1341,French Martini,Pineapple Juice,1.5 cl,
1342,Frisco Sour,Lemon,Juice of 1/4 ,
1343,Frozen Daiquiri,Lime Juice,1 1/2 oz ,
1344,Frozen Mint Daiquiri,Mint,6 ,
1345,Frozen Pineapple Daiquiri,Lime Juice,1 tblsp ,
1346,Fruit Cooler,Sugar,2 tblsp ,
1348,Fruit Shake,Orange Juice,4 oz frozen ,
1350,Gg,Ice, ,
1351,Gagliardo,Galliano,1 part ,
1352,Gentleman's Club,Sweet Vermouth,1 oz ,
1353,Gideon's Green Dinosaur,Triple Sec,1/2 oz ,
1354,Gin And Tonic,Lime,1 ,
1355,Gin Cooler,Powdered Sugar,"
",
1356,Gin Daisy,Sugar,1/2 tsp superfine ,
1357,Gin Fizz,Powdered Sugar,1 tsp ,
1358,Gin Rickey,Lemon,Juice of 1/2 ,
1359,Gin Sling,Powdered Sugar,1 tsp ,
1360,Gin Smash,Sugar,1 cube ,
1361,Gin Sour,Sugar,1/2 tsp superfine ,
1362,Gin Squirt,Powdered Sugar,1 tblsp ,
1363,Gin Swizzle,Gin,2 oz ,
1364,Gin Toddy,Powdered Sugar,1/2 tsp ,
1365,Girl From Ipanema,Agave Syrup,10 ml,
1366,Gluehwein,Sugar,60 gr ,
1367,Godchild,Heavy Cream,1 oz ,
1370,Golden Dream,Orange Juice,2 parts,
1371,Grand Blue,Blue Curacao,1 1/2 cl ,
1372,Grape Lemon Pineapple Smoothie,Pineapple,1/2 ,
1373,Grass Skirt,Pineapple Juice,1 oz ,
1374,Grasshopper,Light Cream,3/4 oz ,
1375,Green Goblin,Blue Curacao,1 shot ,
1376,Grim Reaper,Grenadine,1 dash ,
1377,Grizzly Bear,Kahlua,1 part ,
1378,H.d.,Coffee,"
",
1379,Happy Skipper,Lime,"
",
1380,Harvey Wallbanger,Orange Juice,4 oz ,
1381,Havana Cocktail,Lemon Juice,1 tsp ,
1382,Hawaiian Cocktail,Pineapple Juice,1 tblsp ,
1383,Hemingway Special,Maraschino Liqueur,3 parts,
1385,Highland Fling Cocktail,Orange Bitters,2 dashes ,
1386,Holloween Punch,Sherbet, ,
1387,Homemade Kahlua,Coffee,1 1/2 oz instant ,
1388,Horse's Neck,Ginger Ale,5 oz ,
1389,Hot Chocolate To Die For,Vanilla Extract,1/2 tsp ,
1390,Hot Creamy Bush,Coffee,6 oz hot ,
1391,Ice Pick #1,Lemon Juice," to taste
",
1392,Iced Coffee,Water,1/4 cup hot ,
1394,Imperial Cocktail,Aperol,4 cl ,
1395,Imperial Fizz,Lemon,Juice of 1/2 ,
1396,Ipamena,Passion Fruit Juice,4 cl,
1397,Irish Coffee,Sugar,1 tsp ,
1398,Irish Cream,Condensed Milk,1 can sweetened ,
1399,Irish Curdling Cow,Vodka,3/4 oz ,
1400,Irish Russian,Coca-cola,1 dash ,
1401,Irish Spring,Orange Juice,1 oz ,
1402,Jack Rose Cocktail,Lime,Juice of 1/2 ,
1403,Jack's Vanilla Coke,Vanilla Extract,1 tsp ,
1405,Jam Donut,Sugar Syrup,1 tsp,
1406,Jamaica Kiss,Ice," cubes
",
1407,Jamaican Coffee,Water,1/2 glass cold ,
1408,Japanese Fizz,Powdered Sugar,1 tsp ,
1409,Jello Shots,Water,3 cups ,
1411,Jewel Of The Nile,Yellow Chartreuse,1/2 oz ,
1412,Jitterbug,Grenadine,3 dashes ,
1413,John Collins,Sugar,1 tsp superfine ,
1414,Just A Moonmint,Mint Syrup,"
",
1415,Kamikaze,Lime Juice,1 oz ,
1418,Kentucky Colonel,Lemon Peel,1 twist of ,
1419,Kill The Cold Smoothie,Water,1 cup hot ,
1420,Kioki Coffee,Coffee,"
",
1423,Kiss Me Quick,Schweppes Russchian,7 cl ,
1424,Kiwi Lemon,Ice," cubes
",
1427,Kool-aid Shot,Sloe Gin,1 shot ,
1429,Kurant Tea,Sugar," (if needed)
",
1430,Lady Love Fizz,Powdered Sugar,1 tsp ,
1431,Lassi - A South Indian Drink,Cumin Seed,1/2 tsp ground roasted ,
1432,Lassi - Mango,Sugar,1/2 cup ,
1433,Lassi - Sweet,Sugar,4 tblsp ,
1434,Lassi Khara,Salt,1 tsp ,
1435,Lassi Raita,Sugar,"
",
1436,Lemon Drop,Lemon,Juice of 1 wedge ,
1437,Lemon Shot,Lemon," wedge
",
1438,Lemouroudji,Lemon,1 lb ,
1439,Limeade,Soda Water," (seltzer water)
",
1441,Loch Lomond,Dry Vermouth,1/2 oz ,
1442,London Town,Orange Bitters,2 dashes ,
1444,Lone Tree Cooler,Dry Vermouth,"
",
1445,Long Island Iced Tea,Light Rum,1/2 oz ,
1446,Long Island Tea,Gin,1/2 oz ,
1447,Long Vodka,Angostura Bitters,4 dashes ,
1449,Lunch Box,Orange Juice,1 oz ,
1450,Mai Tai,Triple Sec,1/2 oz ,
1451,Malibu Twister,Cranberry Juice,1 part ,
1453,Manhattan,Angostura Bitters,dash ,
1454,Margarita,Lime Juice,1 oz ,
1455,Martinez Cocktail,Triple Sec,1/4 tsp ,
1456,Martini,Olive,1 ,
1457,Mary Pickford,Maraschino Liqueur,1/2 tsp ,
1458,Masala Chai,Ginger,1 chunk dried ,
1459,Melya,Cocoa Powder, ,
1460,Miami Vice,Daiquiri Mix,frozen ,
1461,Microwave Hot Cocoa,Salt,1 dash ,
1462,Midnight Cowboy,Heavy Cream,1/2 oz ,
1463,Midnight Manx,Goldschlager,dash ,
1464,Midnight Mint,Cream,3/4 oz double ,
1466,Mississippi Planters Punch,Bourbon,1/2 oz ,
1467,Mocha-berry,Cocoa Powder,2 tblsp ,
1468,Mojito,Sugar,2 tsp ,
1469,Mojito #3,Dark Rum,1/8 L Jamaican ,
1470,Monkey Gland,Orange Juice,1/2 oz ,
1471,Monkey Wrench,Bitters,1 dash ,
1472,Moranguito,Grenadine,1/5 ,
1473,Moscow Mule,Ginger Ale,8 oz ,
1474,Mother's Milk,Milk,1 oz ,
1475,Mudslinger,Pepsi Cola,750 ml ,
1476,Mulled Wine,Cloves,12 ,
1477,National Aquarium,Gin,1/2 oz ,
1478,Negroni,Sweet Vermouth,1 oz ,
1479,New York Lemonade,Lemon Juice,2 oz sweetened ,
1480,New York Sour,Sugar,1 tsp ,
1481,Nuked Hot Chocolate,Vanilla Extract,1/2 tsp ,
1482,Nutty Irishman,Milk,1 part ,
1483,Old Fashioned,Sugar,1 cube,
1484,Orange Crush,Orange Juice,1 oz ,
1485,Orange Oasis,Orange Juice,4 oz ,
1486,Orange Push-up,Orange Juice,4 oz ,
1487,Orange Scented Hot Chocolate,Orange Peel,3 2-inch strips ,
1488,Orange Whip,Vodka,1 oz ,
1489,Orangeade,Sugar Syrup,2-3 cl ,
1490,Oreo Mudslide,Bailey's Irish Cream,1 oz ,
1491,Orgasm,Triple Sec,1/2 oz ,
1492,Owen's Grandmother's Revenge,Lemonade,12 oz frozen ,
1493,Paradise,Orange Juice,3 parts ,
1494,Pina Colada,Pineapple,3 tblsp ,
1497,Pink Lady,Light Cream,1 tsp ,
1498,Pink Panty Pulldowns,Vodka,2 cups ,
1499,Pink Penocha,Peach Schnapps,1750 ml ,
1500,Pisco Sour,Sugar,1-2 tblsp ,
1501,Planter's Punch,Orange Juice,2 parts ,
1502,Popped Cherry,Cranberry Juice,4 oz ,
1506,Port Wine Flip,Powdered Sugar,1 tsp ,
1507,Porto Flip,Egg Yolk,2 parts,
1508,Pysch Vitamin Light,Pineapple Juice,1 part ,
1509,Quaker's Cocktail,Lemon,Juice of 1/4 ,
1510,Quarter Deck Cocktail,Lime,Juice of 1/2 ,
1511,Queen Bee,Sherry,1/2 oz cream ,
1512,Queen Charlotte,Lemon-lime Soda,"
",
1513,Queen Elizabeth,Benedictine,1 1/2 tsp ,
1514,Quentin,Light Cream,1 oz ,
1515,Quick F**k,Bailey's Irish Cream,1 part ,
1517,Radioactive Long Island Iced Tea,Tequila,1 oz ,
1519,Rail Splitter,Ginger Ale, ,
1520,Raspberry Cooler,Ice,"
",
1521,Red Snapper,Cranberry Juice,1 shot ,
1522,Rose,Apricot Brandy,1/2 oz ,
1524,Royal Fizz,Egg,1 whole ,
1525,Royal Flush,Chambord Raspberry Liqueur,1/2 oz ,
1526,Royal Gin Fizz,Powdered Sugar,1 tsp ,
1527,Ruby Tuesday,Grenadine,2 splashes ,
1528,Rum Cobbler,Lemon,1 ,
1529,Rum Cooler,Lemon,1 ,
1530,Rum Milk Punch,Powdered Sugar,1 tsp ,
1531,Rum Old-fashioned,Powdered Sugar,1/2 tsp ,
1532,Rum Punch,Fruit Punch,355 ml frozen ,
1533,Rum Runner,Orange Juice,3-4 oz ,
1535,Rum Sour,Sugar,1/2 tsp superfine ,
1536,Rum Toddy,Lemon Peel,1 twist of ,
1537,Russian Spring Punch,Sugar Syrup,1 cl,
1538,Rusty Nail,Lemon Peel,1 twist of ,
1539,Salty Dog,Salt,1/4 tsp ,
1540,San Francisco,Grenadine,"
",
1541,Sangria #1,Orange Juice,1 cup ,
1542,Sangria - The World's Best,Lemon,1 large ,
1543,Sazerac,Peychaud Bitters,2 dashes ,
1544,Scooter,Light Cream,1 oz ,
1545,Scotch Cobbler,Curacao,4 dashes ,
1546,Scotch Sour,Powdered Sugar,1/2 tsp ,
1547,Scottish Highland Liqueur,Angelica Root,2 tsp dried and chopped ,
1548,Screaming Orgasm,Kahlua,1/2 oz ,
1550,Sea Breeze,Grapefruit Juice,1 oz ,
1552,Shanghai Cocktail,Grenadine,1/2 tsp ,
1553,Shark Attack,Vodka,1 1/2 cup ,
1554,Sherry Eggnog,Egg,1 whole ,
1555,Sherry Flip,Powdered Sugar,1 tsp ,
1556,Shot-gun,Wild Turkey,1 oz ,
1557,Sidecar,Lemon Juice,1 oz ,
1558,Sidecar Cocktail,Lemon,Juice of 1/4 ,
1559,Singapore Sling,Gin,1 oz ,
1560,Sloe Gin Cocktail,Orange Bitters,1 dash ,
1561,Smut,Pepsi Cola,1/3 part ,
1563,Snakebite And Black,Blackcurrant Squash,A little bit of ,
1564,Snowball,Lemon,1 slice ,
1566,Space Odyssey,Pineapple Juice,1 shot ,
1567,Spanish Chocolate,Cinnamon,1/2 tsp ,
1568,Spiced Peach Punch,Brown Sugar,1/2 cup ,
1570,Spritz,Soda Water,splash,
1572,Stone Sour,Sweet And Sour,1 oz ,
1573,Strawberry Daiquiri,Lime Juice,1 oz ,
1574,Strawberry Lemonade,Strawberries,8-10 ripe ,
1575,Strawberry Margarita,Triple Sec,1/2 oz ,
1576,Strawberry Shivers,Water,1/2 cup ,
1577,Sunny Holiday Punch,Orange Juice,6 oz frozen ,
1578,Surf City Lifesaver,Gin,2 parts ,
1579,Swedish Coffee,Sugar,By taste ,
1580,Sweet Bananas,Honey,1 tblsp ,
1581,Sweet Sangria,Water,2 cups hot ,
1584,Tennesee Mud,Amaretto,4 oz ,
1585,Tequila Fizz,Grenadine,3/4 oz ,
1586,Tequila Sour,Powdered Sugar,1 tsp ,
1589,Texas Rattlesnake,Southern Comfort,1 part ,
1590,Texas Sling,Amaretto,1/2 oz ,
1591,Thai Coffee,Cardamom,4-5 whole green ,
1592,Thai Iced Coffee,Cream," pods
",
1593,Thai Iced Tea,Condensed Milk,2 tsp sweetened ,
1594,The Evil Blue Thing,Light Rum,1/2 oz ,
1595,Thriller,Orange Juice,1 oz ,
1596,Tia-maria,Coffee,4 tsp ,
1597,Tom Collins,Sugar,1 tsp superfine ,
1598,Tomato Tang,Celery Salt,1 dash ,
1599,Tommy's Margarita,Agave Syrup,2 spoons,
1600,Turf Cocktail,Anis,1/4 tsp ,
1601,Turkeyball,Pineapple Juice,1 splash ,
1602,Tuxedo Cocktail,Maraschino Liqueur,1/4 tsp ,
1603,Valencia Cocktail,Orange Bitters,2 dashes ,
1604,Vampiro,Orange Juice,3 cl,
1605,Van Vleet,Lemon Juice,1 oz ,
1606,Vermouth Cassis,Carbonated Water,"
",
1607,Vesper,Lillet Blanc,0.75 cl,
1608,Vesuvio,Lemon,Juice of 1/2 ,
1610,Victor,Brandy,1/2 oz ,
1611,Victory Collins,Grape Juice,3 oz unsweetened ,
1613,Vodka Fizz,Limeade,2 oz ,
1614,Vodka Martini,Olive,1 ,
1616,Waikiki Beachcomber,Pineapple Juice,1 tblsp ,
1617,Whiskey Sour,Powdered Sugar,1/2 tsp ,
1619,White Lady,Lemon Juice,2cl,
1620,White Russian,Light Cream,"
",
1621,Whitecap Margarita,Cream Of Coconut,1/4 cup ,
1622,Wine Cooler,Ice," cubes
",
1623,Wine Punch,Orange Juice,1 cup ,
1624,Yellow Bird,Triple Sec,1.5 cl,
1625,Yoghurt Cooler,Ice,"
",
1626,Zambeer,Ice," cubes
",
1632,Zipperhead,Soda Water,Fill with ,
1633,Zippy's Revenge,Kool-aid,4 oz Grape ,
1634,Zizi Coin-coin,Ice," cubes
",
1635,Zoksel,Lemonade,"
",
1637,Zorro,White Creme De Menthe,2 cl ,
1639,1-900-fuk-meup,Midori Melon Liqueur,1/4 oz ,
1641,151 Florida Bushwacker,Dark Creme De Cacao,1 oz ,
1642,155 Belmont,Orange Juice,1 shot ,
1643,24k Nightmare,151 Proof Rum,1/2 oz Bacardi ,
1646,3-mile Long Island Iced Tea,Triple Sec,1/2 oz ,
1649,501 Blue,Sour Mix,"
",
1652,9 1/2 Weeks,Orange Juice,1 oz ,
1653,A Day At The Beach,Grenadine,1/2 oz ,
1655,A Gilligan's Island,Cranberry Juice,3 oz ,
1656,A Night In Old Mandalay,Lemon Juice,1/2 oz ,
1657,A Piece Of Ass,Sour Mix,"
",
1658,A Splash Of Nash,Creme De Banane,0.5 oz ,
1659,A True Amaretto Sour,Maraschino Cherry, ,
1660,A Midsummernight Dream,Strawberries,5 ,
1662,A.d.m. (after Dinner Mint),Hot Chocolate,Fill with ,
1663,A1,Grenadine,1/8 Shot,
1667,Abbey Cocktail,Cherry,1 ,
1668,Abbey Martini,Angostura Bitters,3 dashes ,
1670,Absinthe #2,Licorice Root,1 tblsp ,
1671,Absolut Evergreen,Bitter Lemon,"
",
1672,Absolut Sex,Sprite,1 splash ,
1673,Absolut Stress #2,Cranberry Juice,1 1/2 oz ,
1674,Absolut Summertime,Soda Water,3 oz ,
1675,Absolut Limousine,Tonic Water,Top it up with ,
1676,Absolutely Cranberry Smash,Ice,Add ,
1678,Absolutly Screwed Up,Ginger Ale,Fill to top ,
1679,Acapulco,Sugar,1 tsp ,
1680,Ace,Milk,1/2 shot ,
1682,Adam & Eve,Fresh Lemon Juice,1/8 shot ,
1683,Adam Bomb,Triple Sec,1/2 part ,
1684,Adam Sunrise,Sugar,10 tsp ,
1688,Adios Amigos Cocktail,Gin,1/2 shot ,
1690,Affair,Club Soda,"
",
1691,Affinity,Orange Bitters,2 dashes ,
1692,After Dinner Cocktail,Lime,1 ,
1697,Afternoon,Coffee,4 cl hot ,
1698,Alabama Slammer,Lemon Juice,1 dash ,
1699,Alaska Cocktail,Lemon Peel,Twist of ,
1703,Alice Cocktail,Cream,4 cl ,
1705,Allegheny,Lemon Juice,1 1/2 tsp ,
1710,Aloha Fruit Punch,Lemon Juice,1 1/2 tblsp ,
1712,Amaretto Liqueur,Almond Flavoring,1 tblsp ,
1719,Amaretto Stone Sour #3,Orange Juice,Add splash ,
1721,Amaretto Sunset,Ice,Add 1/2 cup ,
1722,Amaretto Sweet & Sour,Pineapple Juice, ,
1724,Americano,Orange Peel,Twist of ,
1726,Angelica Liqueur,Cinnamon,1 one-inch ,
1727,Apello,Maraschino Cherry,1 ,
1729,Apple Cider Punch #1,Orange Juice,6 oz frozen ,
1736,Apricot Lady,Lemon Juice,1/2 oz ,
1737,Apricot Punch,7-up,4 L ,
1738,Archbishop,Lime,1 ,
1739,Arctic Fish,Ice,lots ,
1744,Arizona Twister,Orange Juice,1 splash ,
1745,Army Special,Ice,1/2 glass crushed ,
1746,Arthur Tompkins,Lemon Peel,1 twist of ,
1748,Artillery Punch,Rum,1 pint Jamaican ,
1749,Atlantic Sun,Sweet And Sour,6 cl ,
1750,Atomic Lokade,Triple Sec,1/2 oz ,
1754,Avalon,Lemon Juice,1 1/2 part ,
1756,Aztec Punch,Ginger Ale,About 1 bottle ,
1761,Bacardi Cocktail,Grenadine,1 dash ,
1763,Balmoral,Bitters,2 dashes ,
1765,Banana Daiquiri,Lime Juice,1 1/2 oz ,
1766,Banana Milk Shake,Banana,1/2 ,
1767,Banana Strawberry Shake,Milk,1 cup ,
1769,Barracuda,Lime Juice, 1 dash,
1770,Belgian Blue,Sprite,Fill with ,
1772,Bellini Martini,Peach Schnapps,1.5 oz ,
1773,Bermuda Highball,Carbonated Water,"
",
1774,Berry Deadly,Kool-aid,1 gal Tropical Berry ,
1775,Between The Sheets,Lemon Juice,1 oz ,
1776,Bible Belt,Sour Mix,2 oz ,
1779,Black Forest Shake,Vodka,"
",
1783,Bleeding Surgeon,Cranberry Juice,1/2 glass ,
1784,Blind Russian,Butterscotch Schnapps,1/2 oz ,
1785,Bloody Maria,Tabasco Sauce,1 dash ,
1786,Bloody Mary,Worcestershire Sauce,1/2 tsp ,
1787,Blue Lagoon,Cherry,"
",
1788,Blue Margarita,Salt,Coarse ,
1789,Blue Mountain,Orange Juice,1 oz ,
1790,Bluebird,Bitters,2 dashes ,
1792,Bobby Burns Cocktail,Lemon Peel,1 twist of ,
1793,Boomerang,Maraschino Liqueur,1/2 tsp ,
1794,Boozy Snickers Milkshake,Whipped Cream,for topping,
1795,Bora Bora,Grenadine,1 cl ,
1796,Boston Sidecar,Lime,Juice of 1/2 ,
1797,Boston Sour,Egg White,1 ,
1798,Bourbon Sling,Bourbon,2 oz ,
1799,Bourbon Sour,Orange,1 ,
1800,Boxcar,Grenadine,1/2 tsp ,
1801,Brain Fart,Surge,2 L ,
1803,Bramble,Creme De Mure,1.5 cl,
1805,Brandy Alexander,Nutmeg,"
",
1806,Brandy Cobbler,Brandy,2 oz ,
1807,Brandy Flip,Light Cream,1/2 oz ,
1808,Brandy Sour,Lemon,1/2 slice ,
1811,Bruised Heart,Cranberry Juice,1/2 oz ,
1812,Bubble Gum,Peach Schnapps,1/4 ,
1815,Butter Baby,Vodka,2 parts ,
1816,Cafe Savoy,Brandy, ,
1818,Caipirissima,Ice,crushed ,
1819,California Lemonade,Powdered Sugar,1 tblsp ,
1824,Casino,Orange Bitters,2 dashes ,
1825,Casino Royale,Orange Bitters,1 dash ,
1826,Castillian Hot Chocolate,Water,1/2 cup ,
1827,Champagne Cocktail,Lemon Peel,1 twist of ,
1828,Cherry Electric Lemonade,White Rum,1 oz,
1830,Chicago Fizz,Powdered Sugar,1 tsp ,
1831,Chocolate Beverage,Egg,3 ,
1835,Chocolate Monkey,Chocolate Syrup,1 oz ,
1838,Classic Old-fashioned,Bourbon,3 oz ,
1840,Clover Club,Egg White,1 ,
1841,Coffee Liqueur,Vodka,1 qt ,
1842,Coffee-vodka,Vanilla,1/2 ,
1844,Cosmopolitan,Cranberry Juice,1/4 cup ,
1845,Cosmopolitan Martini,Cranberry Juice,1 splash ,
1847,Cranberry Punch,Almond Flavoring,1 tblsp ,
1849,Creme De Menthe,Peppermint Extract,1 oz pure ,
1850,Cuba Libra,Ice,"
",
1857,Darkwood Sling,Ice," cubes
",
1860,Dirty Martini,Lemon,1 wedge,
1862,Downshift,151 Proof Rum,Float Bacardi ,
1864,Drinking Chocolate,Vanilla,1 ,
1866,Dubonnet Cocktail,Lemon Peel,1 twist of ,
1867,Duchamp's Punch,St. Germain,1.5 cl,
1869,Egg Nog #4,Light Rum,1/2 cup ,
1870,Egg Nog - Healthy,Milk,3/4 cup skimmed ,
1871,Egg-nog - Classic Cooked,Milk,1 qt ,
1872,English Highball,Carbonated Water,"
",
1873,English Rose Cocktail,Grenadine,1 tsp ,
1876,Flaming Dr. Pepper,Dr. Pepper,1 oz ,
1877,Flaming Lamborghini,Bailey's Irish Cream,1 oz ,
1880,Flying Scotchman,Sugar Syrup,1/4 tsp ,
1884,"French ""75""",Champagne,4 oz Chilled ,
1885,French 75,Champagne,4 oz Chilled ,
1888,Frisco Sour,Lime,Juice of 1/2 ,
1889,Frozen Daiquiri,Sugar,1 tsp ,
1890,Frozen Mint Daiquiri,Sugar,1 tsp ,
1891,Frozen Pineapple Daiquiri,Sugar,1/2 tsp ,
1892,Fruit Cooler,Lemon,1 ,
1894,Fruit Shake,Fruit,1/2 piece textural ,
1897,Gagliardo,Sirup Of Roses,1 part ,
1898,Gentleman's Club,Club Soda,1 oz ,
1899,Gideon's Green Dinosaur,Tequila,1/2 oz ,
1901,Gin Cooler,Orange Spiral,"
",
1902,Gin Daisy,Grenadine,1/2 tsp ,
1904,Gin Rickey,Soda Water,Top up with,
1905,Gin Sling,Water,1 tsp ,
1906,Gin Smash,Mint,4 ,
1907,Gin Sour,Orange,1 ,
1908,Gin Squirt,Pineapple,3 chunks ,
1909,Gin Swizzle,Bitters,1 dash ,
1910,Gin Toddy,Lemon Peel,1 twist of ,
1911,Girl From Ipanema,Champagne,top up with,
1912,Gluehwein,Cinnamon,1 ,
1916,Golden Dream,Cream,1 part,
1917,Grand Blue,Sweet And Sour,3 cl ,
1919,Grass Skirt,Grenadine,1/2 tsp ,
1923,Grizzly Bear,Milk,2 1/2 parts ,
1925,Happy Skipper,Ice,"
",
1929,Hemingway Special,Lime Juice,3 parts,
1931,Highland Fling Cocktail,Olive,1 ,
1932,Holloween Punch,Sherbet, ,
1933,Homemade Kahlua,Vanilla Extract,2 oz ,
1934,Horse's Neck,Bitters,2 dashes ,
1935,Hot Chocolate To Die For,Half-and-half,1 cup ,
1938,Iced Coffee,Milk,4 cups cold ,
1941,Imperial Fizz,Powdered Sugar,1 tsp ,
1942,Ipamena,Ginger Ale,top up with,
1943,Irish Coffee,Whipped Cream,1 tblsp ,
1944,Irish Cream,Coconut Syrup,3 drops ,
1945,Irish Curdling Cow,Orange Juice,2-3 oz ,
1946,Irish Russian,Guinness Stout,Fill with ,
1947,Irish Spring,Sweet And Sour,1 oz ,
1949,Jack's Vanilla Coke,Coca-cola,10-12 oz ,
1951,Jam Donut,Sugar,2 pinches,
1952,Jamaica Kiss,Milk,"
",
1953,Jamaican Coffee,Whipped Cream,"
",
1954,Japanese Fizz,Port,1 tblsp ,
1958,Jitterbug,Lime Juice,1 shot ,
1959,John Collins,Club Soda,3 oz ,
1969,Kiss Me Quick,Apple Juice,8 cl ,
1973,Kool-aid Shot,Triple Sec,1 shot ,
1976,Lady Love Fizz,Lemon,Juice of 1/2 ,
1977,Lassi - A South Indian Drink,Salt,1/4 tsp ,
1978,Lassi - Mango,Water,1 cup iced ,
1979,Lassi - Sweet,Salt,pinch ,
1980,Lassi Khara,Asafoetida,1 pinch ,
1981,Lassi Raita,Lime,"
",
1983,Lemon Shot,Sugar,Bacardi ,
1984,Lemouroudji,Sugar,1 cup ,
1985,Limeade,Lime Peel, ,
1987,Loch Lomond,Lemon Peel,1 twist of ,
1990,Lone Tree Cooler,Powdered Sugar,"
",
1991,Long Island Iced Tea,Gin,1/2 oz ,
1992,Long Island Tea,Tequila,1/2 oz ,
1993,Long Vodka,Tonic Water,1 dl Schweppes ,
1996,Mai Tai,Sweet And Sour,1 1/2 oz ,
1999,Manhattan,Ice,2 or 3 ,
2001,Martinez Cocktail,Orange Bitters,1 dash ,
2003,Mary Pickford,Grenadine,1/2 tsp ,
2004,Masala Chai,Cardamom,3-4 crushed ,
2007,Microwave Hot Cocoa,Water,3 tblsp hot ,
2009,Midnight Manx,Heavy Cream,2 oz ,
2012,Mississippi Planters Punch,Lemon,Juice of 1/2 ,
2013,Mocha-berry,Whipped Cream,"
",
2014,Mojito,Mint,2-4 ,
2015,Mojito #3,Club Soda,1/8 L ,
2016,Monkey Gland,Grenadine,1 tsp ,
2022,Mulled Wine,Cinnamon,2 ,
2023,National Aquarium,Blue Curacao,1/2 oz ,
2025,New York Lemonade,Club Soda,1 oz ,
2026,New York Sour,Red Wine," (Claret)
",
2027,Nuked Hot Chocolate,Milk,12 oz ,
2029,Old Fashioned,Water,dash,
2031,Orange Oasis,Ginger Ale,"
",
2032,Orange Push-up,Sour Mix,1 splash ,
2033,Orange Scented Hot Chocolate,Espresso,1/2 tsp instant ,
2034,Orange Whip,Cream,1 package ,
2035,Orangeade,Soda Water,"
",
2036,Oreo Mudslide,Vanilla Ice-cream,2 scoops ,
2037,Orgasm,Vodka,1/2 oz ,
2038,Owen's Grandmother's Revenge,Ice,1 cup crushed ,
2043,Pink Lady,Egg White,1 ,
2045,Pink Penocha,Orange Juice,1 gal ,
2047,Planter's Punch,Pineapple Juice,1 part ,
2048,Popped Cherry,Orange Juice,4 oz ,
2052,Port Wine Flip,Egg,1 whole ,
2054,Pysch Vitamin Light,Ice,"
",
2055,Quaker's Cocktail,Raspberry Syrup,2 tsp ,
2060,Quentin,Nutmeg,1/8 tsp grated ,
2063,Radioactive Long Island Iced Tea,Gin,1 oz ,
2068,Rose,Lemon Juice,1/2 tsp ,
2070,Royal Fizz,Coca-cola,"
",
2071,Royal Flush,Cranberry Juice,1 oz ,
2072,Royal Gin Fizz,Egg,1 whole ,
2074,Rum Cobbler,Dark Rum,2 oz ,
2076,Rum Milk Punch,Nutmeg,"
",
2077,Rum Old-fashioned,Bitters,1 dash ,
2078,Rum Punch,Orange Juice,355 ml frozen ,
2079,Rum Runner,Pineapple Juice,3-4 oz ,
2081,Rum Sour,Orange,1 ,
2082,Rum Toddy,Water,2 tsp ,
2083,Russian Spring Punch,Lemon Juice,2.5 cl,
2086,San Francisco,Orange Juice, ,
2087,Sangria #1,Lemon Juice,1 cup ,
2088,Sangria - The World's Best,Orange,1 large ,
2089,Sazerac,Water,1 tsp ,
2091,Scotch Cobbler,Orange,1 slice ,
2092,Scotch Sour,Lemon,1/2 slice ,
2093,Scottish Highland Liqueur,Fennel Seeds,1/4 tsp crushed ,
2097,Sex On The Beach,Grapefruit Juice, ,
2098,Shanghai Cocktail,Lemon,Juice of 1/4 ,
2100,Sherry Eggnog,Milk,"
",
2101,Sherry Flip,Egg,1 whole ,
2105,Singapore Sling,Sweet And Sour,2 oz ,
2107,Smut,Orange Juice,1/3 part ,
2110,Snowball,Ice," cubes
",
2112,Space Odyssey,Orange Juice,"
",
2113,Spanish Chocolate,Egg Yolk,2 beaten ,
2114,Spiced Peach Punch,Cinnamon,3 3-inch ,
2119,Strawberry Daiquiri,Powdered Sugar,1 tsp ,
2120,Strawberry Lemonade,Water,1 cup ,
2121,Strawberry Margarita,Lemon Juice,1 oz ,
2123,Sunny Holiday Punch,Lemon,1 ,
2124,Surf City Lifesaver,Grand Marnier,1/2 part ,
2127,Sweet Sangria,Apple,1 cup ,
2130,Tennesee Mud,Whipped Cream,"
",
2131,Tequila Fizz,Egg White,1 ,
2132,Tequila Sour,Lemon,1/2 slice ,
2135,Texas Rattlesnake,Sweet And Sour,1 splash ,
2136,Texas Sling,151 Proof Rum,1/2 oz Bacardi ,
2138,Thai Iced Coffee,Cardamom,"
",
2139,Thai Iced Tea,Ice," cubes
",
2142,Tia-maria,Rum,1 cup ,
2143,Tom Collins,Club Soda,3 oz ,
2146,Turf Cocktail,Bitters,2 dashes ,
2148,Tuxedo Cocktail,Anis,1/4 tsp ,
2150,Vampiro,Lime Juice,1.5 cl,
2154,Vesuvio,Powdered Sugar,1 tsp ,
2157,Victory Collins,Powdered Sugar,1 tsp ,
2159,Vodka Fizz,Ice,"
",
2163,Whiskey Sour,Cherry,1 ,
2167,Whitecap Margarita,Lime Juice,3 tblsp fresh ,
2169,Wine Punch,Orange,3 ,
2170,Yellow Bird,Lime Juice,1.5 cl,
2180,Zizi Coin-coin,Lemon," or lime
",
2181,Zoksel,Coca-cola," slice
",
2185,1-900-fuk-meup,Malibu Rum,1/4 oz ,
2187,151 Florida Bushwacker,Cointreau,1 oz ,
2192,3-mile Long Island Iced Tea,Vodka,1/2 oz ,
2195,501 Blue,7-up,"
",
2202,A Night In Old Mandalay,Ginger Ale,3 oz ,
2206,A Midsummernight Dream,Schweppes Russchian,"
",
2216,Absinthe #2,Wormwood,1 ,
2219,Absolut Stress #2,Pineapple Juice,1 1/2 oz ,
2220,Absolut Summertime,Lemon,1 slice ,
2225,Acapulco,Egg White,1 ,
2226,Ace,Egg White,1/2 Fresh,
2229,Adam Bomb,Fruit,"
",
2234,Adios Amigos Cocktail,Fresh Lime Juice,1/4 shot,
2243,Afternoon,Cream,"
",
2251,Allegheny,Lemon Peel,1 twist of ,
2256,Aloha Fruit Punch,Pineapple,1 1/2 cup ,
2258,Amaretto Liqueur,Grain Alcohol,1/2 cup pure ,
2272,Angelica Liqueur,Anise,3-6 crushed ,
2275,Apple Cider Punch #1,Cloves,6 whole ,
2282,Apricot Lady,Egg White,1 ,
2283,Apricot Punch,Orange Juice,1/2 gal ,
2285,Arctic Fish,Candy,1 dash ,
2290,Arizona Twister,Pineapple Juice,1 splash ,
2294,Artillery Punch,Brandy,1/2 pint ,
2295,Atlantic Sun,Club Soda,1 dash ,
2296,Atomic Lokade,Sugar,"
",
2300,Avalon,Lemonade,"
",
2311,Banana Daiquiri,Sugar,1 tsp ,
2313,Banana Strawberry Shake,Honey," to taste
",
2315,Barracuda,Prosecco,top up ,
2318,Bellini Martini,Lemon Peel,1 ,
2319,Bermuda Highball,Lemon Peel,"
",
2325,Black Forest Shake,Milk,"
",
2330,Blind Russian,Milk," to fill
",
2331,Bloody Maria,Celery Salt,1 dash ,
2332,Bloody Mary,Tabasco Sauce,2-3 drops ,
2335,Blue Mountain,Lemon Juice,1 tsp ,
2336,Bluebird,Maraschino Cherry,1 ,
2339,Boomerang,Maraschino Cherry,1 ,
2340,Boozy Snickers Milkshake,Caramel Sauce,"4 tablespoons
",
2343,Boston Sour,Lemon,1 slice ,
2344,Bourbon Sling,Lemon Peel,1 twist of ,
2345,Bourbon Sour,Maraschino Cherry,1 ,
2346,Boxcar,Egg White,1 ,
2347,Brain Fart,Lemon Juice,1 small bottle ,
2352,Brandy Cobbler,Maraschino Cherry,1 ,
2353,Brandy Flip,Nutmeg,1/8 tsp grated ,
2354,Brandy Sour,Cherry,1 ,
2365,California Lemonade,Grenadine,1/4 tsp ,
2370,Casino,Cherry,1 ,
2371,Casino Royale,Egg Yolk,1 ,
2372,Castillian Hot Chocolate,Milk,1 qt ,
2373,Champagne Cocktail,Cognac,1 dash,
2374,Cherry Electric Lemonade,Triple Sec,1 oz,
2376,Chicago Fizz,Egg White,1 ,
2381,Chocolate Monkey,Chocolate Milk,4 oz ,
2384,Classic Old-fashioned,Orange,1 ,
2387,Coffee Liqueur,Water,2 1/2 cups ,
2388,Coffee-vodka,Vodka,1 1/2 cup ,
2393,Cranberry Punch,Ginger Ale,2 qt ,
2395,Creme De Menthe,Food Coloring,1 tblsp green ,
2406,Dirty Martini,Olive,1,
2410,Drinking Chocolate,Chocolate,2 oz finely chopped dark ,
2413,Duchamp's Punch,Angostura Bitters,2 Dashes,
2415,Egg Nog #4,Bourbon,1/2 cup ,
2416,Egg Nog - Healthy,Vanilla Extract,1 tsp ,
2417,Egg-nog - Classic Cooked,Vanilla Extract,1 tsp ,
2418,English Highball,Lemon Peel,"
",
2419,English Rose Cocktail,Lemon Juice,1/4 tsp ,
2422,Flaming Dr. Pepper,Beer,1 oz ,
2430,"French ""75""",Orange,1 ,
2431,French 75,Orange,1 ,
2434,Frisco Sour,Lemon,1 slice ,
2435,Frozen Daiquiri,Cherry,1 ,
2438,Fruit Cooler,Apple,1 ,
2440,Fruit Shake,Ice,6 ,
2445,Gideon's Green Dinosaur,Melon Liqueur,1/2 oz ,
2447,Gin Cooler,Lemon Peel,"
",
2448,Gin Daisy,Maraschino Cherry,1 ,
2450,Gin Rickey,Lime,Garnish,
2451,Gin Sling,Orange Peel,Twist of ,
2452,Gin Smash,Orange,1 slice ,
2453,Gin Sour,Maraschino Cherry,1 ,
2454,Gin Squirt,Strawberries,2 ,
2455,Gin Swizzle,Club Soda,3 oz ,
2458,Gluehwein,Cloves,3 ,
2465,Grass Skirt,Pineapple,1 ,
2479,Homemade Kahlua,Water,3 cups boiling ,
2481,Hot Chocolate To Die For,Marshmallows,mini ,
2487,Imperial Fizz,Carbonated Water,"
",
2488,Ipamena,Ice,fill,
2490,Irish Cream,Chocolate Syrup,1 tblsp ,
2493,Irish Spring,Orange,1 slice ,
2500,Japanese Fizz,Egg White,1 ,
2504,Jitterbug,Sugar,Around rim put 1 pinch ,
2505,John Collins,Maraschino Cherry,1 ,
2515,Kiss Me Quick,Ice," cubes
",
2519,Kool-aid Shot,Cranberry Juice,"
",
2522,Lady Love Fizz,Egg White,1 ,
2523,Lassi - A South Indian Drink,Mint,1/4 tsp dried ,
2525,Lassi - Sweet,Lemon Juice,2 tblsp ,
2527,Lassi Raita,Salt,"
",
2529,Lemon Shot,151 Proof Rum, ,
2530,Lemouroudji,Cayenne Pepper,ground ,
2536,Lone Tree Cooler,Orange Spiral,"
",
2537,Long Island Iced Tea,Coca-cola,1 dash ,
2538,Long Island Tea,Lemon,Juice of 1/2 ,
2539,Long Vodka,Ice,4 ,
2542,Mai Tai,Cherry,1 ,
2545,Manhattan,Maraschino Cherry,1 ,
2547,Martinez Cocktail,Cherry,1 ,
2549,Mary Pickford,Maraschino Cherry,1 ,
2550,Masala Chai,Cloves,3 ,
2553,Microwave Hot Cocoa,Milk,2 cups ,
2555,Midnight Manx,Coffee,2 oz Hazlenut ,
2558,Mississippi Planters Punch,Powdered Sugar,1 tblsp ,
2561,Mojito #3,Angostura Bitters,8 drops ,
2568,Mulled Wine,Lemon Peel,1 ,
2569,National Aquarium,Sour Mix,2 oz ,
2572,New York Sour,Lemon,"
",
2579,Orange Scented Hot Chocolate,Nutmeg,1/8 tsp ground ,
2580,Orange Whip,Ice,Over ,
2582,Oreo Mudslide,Oreo Cookie,1 ,
2583,Orgasm,Light Cream,1 oz ,
2591,Pink Penocha,Cranberry Juice,1 gal ,
2598,Port Wine Flip,Nutmeg,"
",
2609,Radioactive Long Island Iced Tea,Triple Sec,1 oz ,
2614,Rose,Grenadine,1 tsp ,
2618,Royal Gin Fizz,Carbonated Water,"
",
2620,Rum Cobbler,Maraschino Cherry,1 ,
2623,Rum Old-fashioned,Water,1 tsp ,
2624,Rum Punch,Ice,crushed ,
2625,Rum Runner,Cranberry Juice,3-4 oz ,
2627,Rum Sour,Maraschino Cherry,1 ,
2633,Sangria #1,Cloves,"
",
2634,Sangria - The World's Best,Apple,1 large ,
2635,Sazerac,Bourbon,2 oz ,
2637,Scotch Cobbler,Mint,1 ,
2638,Scotch Sour,Cherry,1 ,
2639,Scottish Highland Liqueur,Lemon Peel,2 2 inch strips ,
2646,Sherry Eggnog,Nutmeg, ,
2647,Sherry Flip,Nutmeg,"
",
2658,Space Odyssey,Grenadine,"
",
2660,Spiced Peach Punch,Cloves,1/2 tsp ,
2665,Strawberry Daiquiri,Strawberries,1 oz ,
2667,Strawberry Margarita,Strawberries,1 oz ,
2669,Sunny Holiday Punch,Berries,2 cups ,
2673,Sweet Sangria,Orange," wedges
",
2677,Tequila Fizz,Ginger Ale,"
",
2678,Tequila Sour,Cherry,1 ,
2682,Texas Sling,Cream,1 oz ,
2685,Thai Iced Tea,Mint, ,
2688,Tia-maria,Vanilla Extract,4 tsp ,
2689,Tom Collins,Maraschino Cherry,1 ,
2692,Turf Cocktail,Orange Peel,Twist of ,
2694,Tuxedo Cocktail,Orange Bitters,2 dashes ,
2696,Vampiro,Sugar Syrup,1 dash,
2700,Vesuvio,Egg White,1 ,
2703,Victory Collins,Orange,1 slice ,
2705,Vodka Fizz,Nutmeg,"
",
2709,Whiskey Sour,Lemon,1/2 slice ,
2715,Wine Punch,Pineapple Juice,1 cup ,
2727,Zoksel,7-up,"
",
2731,1-900-fuk-meup,Amaretto,1/4 oz ,
2733,151 Florida Bushwacker,Milk,3 oz ,
2738,3-mile Long Island Iced Tea,Coca-cola,"
",
2748,A Night In Old Mandalay,Lemon Peel,1 twist of ,
2771,Acapulco,Mint,1 ,
2775,Adam Bomb,Ice,"
",
2780,Adios Amigos Cocktail,Sugar Syrup,1/4 shot,
2802,Aloha Fruit Punch,Sugar,1 cup ,
2804,Amaretto Liqueur,Water,1/2 cup ,
2818,Angelica Liqueur,Coriander,1/8 tsp powdered ,
2821,Apple Cider Punch #1,Allspice,6 whole ,
2828,Apricot Lady,Orange,1 ,
2836,Arizona Twister,Cream Of Coconut,1 splash ,
2840,Artillery Punch,Benedictine,1 1/2 oz ,
2842,Atomic Lokade,Ice, ,
2857,Banana Daiquiri,Cherry,1 ,
2877,Bloody Maria,Lemon,1 slice ,
2878,Bloody Mary,Lime,1 wedge ,
2882,Bluebird,Lemon Peel,1 twist of ,
2886,Boozy Snickers Milkshake,Chocolate Sauce,"4 tablespoons
",
2889,Boston Sour,Cherry,1 ,
2893,Brain Fart,Rum,1 pint ,
2898,Brandy Cobbler,Orange,1 ,
2911,California Lemonade,Carbonated Water,"
",
2920,Cherry Electric Lemonade,Cherry Grenadine,1 oz,
2922,Chicago Fizz,Carbonated Water,"
",
2927,Chocolate Monkey,Whipped Cream,1 ,
2930,Classic Old-fashioned,Maraschino Cherry,1 ,
2934,Coffee-vodka,Caramel Coloring,"
",
2956,Drinking Chocolate,Whipped Cream,Fresh ,
2959,Duchamp's Punch,Pepper,Pinch,
2961,Egg Nog #4,Vanilla Extract,1 tsp ,
2962,Egg Nog - Healthy,Rum,1 tsp ,
2965,English Rose Cocktail,Cherry,1 ,
2976,"French ""75""",Maraschino Cherry,1 ,
2977,French 75,Maraschino Cherry,1 ,
2980,Frisco Sour,Lime,1 slice ,
2981,Frozen Daiquiri,Ice,1 cup crushed ,
2984,Fruit Cooler,Soda Water,1 L ,
2991,Gideon's Green Dinosaur,Mountain Dew,Fill with ,
2994,Gin Daisy,Orange,1 ,
2998,Gin Smash,Cherry,1 ,
3000,Gin Squirt,Carbonated Water,"
",
3004,Gluehwein,Lemon Peel,1 tblsp ,
3025,Homemade Kahlua,Vodka,1 fifth ,
3039,Irish Spring,Cherry,1 ,
3046,Japanese Fizz,Carbonated Water,"
",
3050,Jitterbug,Sugar Syrup,3 dashes ,
3051,John Collins,Orange,1 ,
3068,Lady Love Fizz,Carbonated Water,"
",
3082,Lone Tree Cooler,Lemon Peel,"
",
3083,Long Island Iced Tea,Lemon Peel,Twist of ,
3084,Long Island Tea,Coca-cola,1 splash ,
3091,Manhattan,Orange Peel,1 twist of ,
3096,Masala Chai,Cinnamon,1 piece ,
3099,Microwave Hot Cocoa,Vanilla Extract,1/4 tsp ,
3104,Mississippi Planters Punch,Carbonated Water,"
",
3114,Mulled Wine,Red Wine,750 ml ,
3115,National Aquarium,Lemon-lime Soda,1 splash ,
3118,New York Sour,Cherry,"
",
3155,Radioactive Long Island Iced Tea,Chambord Raspberry Liqueur,1 oz ,
3166,Rum Cobbler,Orange,1 ,
3169,Rum Old-fashioned,Lime Peel,Twist of ,
3179,Sangria #1,Cinnamon, ,
3180,Sangria - The World's Best,Brandy,3-4 oz plain ,
3181,Sazerac,Lemon Peel,1 twist of ,
3204,Space Odyssey,Cherries, ,
3206,Spiced Peach Punch,Lime Juice,2 tblsp ,
3213,Strawberry Margarita,Salt,"
",
3215,Sunny Holiday Punch,Champagne,1 bottle ,
3219,Sweet Sangria,Lime," wedges
",
3235,Tom Collins,Orange,1 ,
3240,Tuxedo Cocktail,Cherry,1 ,
3242,Vampiro,Salt,1 pinch,
3273,Zoksel,Creme De Cassis,"
",
3277,1-900-fuk-meup,Cranberry Juice,1/2 oz ,
3279,151 Florida Bushwacker,Coconut Liqueur,1 oz ,
3284,3-mile Long Island Iced Tea,Sweet And Sour,1-2 dash ,
3321,Adam Bomb,Salt,1-3 pint ,
3326,Adios Amigos Cocktail,Water,1/2 shot ,
3348,Aloha Fruit Punch,Pineapple Juice,3-4 cups ,
3350,Amaretto Liqueur,Brandy,1 cup ,
3364,Angelica Liqueur,Marjoram Leaves,1 tblsp fresh chopped ,
3367,Apple Cider Punch #1,Nutmeg,1 tsp ground ,
3382,Arizona Twister,Grenadine,1 dash ,
3386,Artillery Punch,Orange Juice,1 pint ,
3432,Boozy Snickers Milkshake,Mini-snickers Bars,"15
",
3466,Cherry Electric Lemonade,Sweet And Sour,1 oz,
3473,Chocolate Monkey,Cherry,1 ,
3505,Duchamp's Punch,Lavender,2 sprigs,
3507,Egg Nog #4,Salt,1/4 tsp ,
3508,Egg Nog - Healthy,Nutmeg,"
",
3530,Fruit Cooler,Ice,"
",
3596,Jitterbug,Soda Water,Fill to top with ,
3642,Masala Chai,Black Pepper,1-2 whole ,
3660,Mulled Wine,Brandy,1/4 cup ,
3701,Radioactive Long Island Iced Tea,Midori Melon Liqueur,1 oz ,
3726,Sangria - The World's Best,Soda Water,"
",
3765,Sweet Sangria,Lemon,"
",
3819,Zoksel,Lemon,"
",
3823,1-900-fuk-meup,Pineapple Juice,1/4 oz ,
3825,151 Florida Bushwacker,Vanilla Ice-cream,1 cup ,
3830,3-mile Long Island Iced Tea,Bitters,1 wedge ,
3867,Adam Bomb,Fruit Juice, ,
3896,Amaretto Liqueur,Food Coloring,3 drops yellow ,
3910,Angelica Liqueur,Vodka,1.5 cup ,
3913,Apple Cider Punch #1,Cinnamon,3 sticks ,
3928,Arizona Twister,Ice,crushed ,
3932,Artillery Punch,Lemon Juice,1/2 pint ,
4012,Cherry Electric Lemonade,Club Soda,3 oz,
4019,Chocolate Monkey,Banana,1 piece ,
4053,Egg Nog #4,Whipping Cream,1 cup ,
4188,Masala Chai,Sugar," to taste
",
4247,Radioactive Long Island Iced Tea,Malibu Rum,1 oz ,
4311,Sweet Sangria,Fresca,"
",
4376,3-mile Long Island Iced Tea,Lemon, ,
4442,Amaretto Liqueur,Food Coloring,6 drops red ,
4456,Angelica Liqueur,Sugar,1/2 cup granulated ,
4474,Arizona Twister,Pineapple,1 wedge ,
4599,Egg Nog #4,Egg White,6 ,
4734,Masala Chai,Milk, ,
4988,Amaretto Liqueur,Food Coloring,2 drops blue ,
5002,Angelica Liqueur,Water,1/4 cup ,
5145,Egg Nog #4,Sugar,1/4 cup ,
5534,Amaretto Liqueur,Glycerine,1/2 tsp ,
5548,Angelica Liqueur,Food Coloring,1 drop yellow ,
5691,Egg Nog #4,Nutmeg,Ground ,
6094,Angelica Liqueur,Food Coloring,1 drop green ,
